PID,Level,LDG,Brent PID title,ESD title,Link title,Link URL,ESD link,Brent service page,Last modified
1,L3,Yes,"Home education","School - home schooling","Directgov - Educating your child at home",http://www.direct.gov.uk/en/Parents/Schoolslearninganddevelopment/ChoosingASchool/DG_4016124,http://id.esd.org.uk/service/1,http://www.brent.gov.uk/brent/bnc.nsf/(getservice)?OpenAgent&pid=1&i=08,04/10/2010 09:18:07
2,L3,Yes,"School clothing grants","School - clothing grants and vouchers","Directgov - School uniform",http://www.direct.gov.uk/en/Parents/Schoolslearninganddevelopment/SchoolLife/DG_4016078,http://id.esd.org.uk/service/2,http://www.brent.gov.uk/brent/bnc.nsf/(getservice)?OpenAgent&pid=2&i=08,04/10/2010 09:18:07
3,L3,Yes,"Home to school travel","School - travel support","Directgov - School transport",http://www.direct.gov.uk/en/Parents/Schoolslearninganddevelopment/SchoolLife/DG_10013990,http://id.esd.org.uk/service/3,http://www.brent.gov.uk/brent/bnc.nsf/(getservice)?OpenAgent&pid=3&i=08,04/10/2010 09:18:08
4,L3,Yes,"Free school meals","Free school meals","Directgov - Free school meals",http://www.direct.gov.uk/en/Pensionsandretirementplanning/Benefits/BenefitsInRetirement/DG_10027190,http://id.esd.org.uk/service/4,http://www.brent.gov.uk/brent/bnc.nsf/(getservice)?OpenAgent&pid=4&i=08,14/09/2010 11:59:56
9,L3,Yes,"Special educational needs","Special educational needs - assessment","Directgov - Special educational needs",http://www.direct.gov.uk/en/Parents/Schoolslearninganddevelopment/SpecialEducationalNeeds/index.htm,http://id.esd.org.uk/service/9,http://www.brent.gov.uk/brent/bnc.nsf/(getservice)?OpenAgent&pid=9&i=08,28/09/2010 18:58:53
12,L3,Yes,"Nurseries in Brent","Nursery school places","Directgov - Nurseries",http://www.direct.gov.uk/en/Parents/Preschooldevelopmentandlearning/NurseriesPlaygroupsReceptionClasses/index.htm,http://id.esd.org.uk/service/12,http://www.brent.gov.uk/brent/bnc.nsf/(getservice)?OpenAgent&pid=12&i=08,14/09/2010 12:00:09
13,L3,Yes,"Primary school places","Primary school places","Directgov - Primary school places",http://www.direct.gov.uk/en/parents/schoolslearninganddevelopment/choosingaschool/dg_4016369,http://id.esd.org.uk/service/13,http://www.brent.gov.uk/brent/bnc.nsf/(getservice)?OpenAgent&pid=13&i=08,19/11/2010 18:57:51
14,L3,Yes,"Secondary schools","Secondary school places","Directgov - Secondary school places",http://www.direct.gov.uk/en/parents/schoolslearninganddevelopment/choosingaschool/dg_4016369,http://id.esd.org.uk/service/14,http://www.brent.gov.uk/brent/bnc.nsf/(getservice)?OpenAgent&pid=14&i=08,19/11/2010 19:07:19
17,L3,,"Schools in Brent","School - information and advice","Directgov - Schools",http://www.direct.gov.uk/en/Parents/Schoolslearninganddevelopment/index.htm,http://id.esd.org.uk/service/17,http://www.brent.gov.uk/brent/bnc.nsf/(getservice)?OpenAgent&pid=17&i=08,19/11/2010 19:32:33
18,L3,Yes,"School holiday playschemes","School - holiday schemes","Directgov - Childcare for 5-11 year olds",http://www.direct.gov.uk/en/Parents/Childcare/DG_181084,http://id.esd.org.uk/service/18,http://www.brent.gov.uk/brent/bnc.nsf/(getservice)?OpenAgent&pid=18&i=08,04/10/2010 09:18:08
19,L3,Yes,"Out of school and holiday care","Childcare - out of school hours","Directgov - Extended school services",http://www.direct.gov.uk/en/Parents/Childcare/DG_172212,http://id.esd.org.uk/service/19,http://www.brent.gov.uk/brent/bnc.nsf/(getservice)?OpenAgent&pid=19&i=08,14/09/2010 12:00:10
29,L3,Yes,"Governors","School governors","Directgov - School govenors",http://www.direct.gov.uk/en/Parents/Schoolslearninganddevelopment/SchoolLife/DG_10038366,http://id.esd.org.uk/service/29,http://www.brent.gov.uk/brent/bnc.nsf/(getservice)?OpenAgent&pid=29&i=08,14/09/2010 11:59:56
34,L3,Yes,"Excluded pupils","School - exclusion of pupils","Directgov - School discipline",http://www.direct.gov.uk/en/Parents/Schoolslearninganddevelopment/YourChildsWelfareAtSchool/DG_4016112,http://id.esd.org.uk/service/34,http://www.brent.gov.uk/brent/bnc.nsf/(getservice)?OpenAgent&pid=34&i=08,14/09/2010 11:59:56
35,L3,Yes,"School attendance and truancy","School - truancy","Directgov - School attendance",http://www.direct.gov.uk/en/Parents/Schoolslearninganddevelopment/YourChildsWelfareAtSchool/DG_066966,http://id.esd.org.uk/service/35,http://www.brent.gov.uk/brent/bnc.nsf/(getservice)?OpenAgent&pid=35&i=08,28/09/2010 19:31:46
36,L3,Yes,"Term dates","School - term and holiday dates","Directgov - Term dates",http://www.direct.gov.uk/en/Parents/Schoolslearninganddevelopment/SchoolLife/DG_4016103,http://id.esd.org.uk/service/36,http://www.brent.gov.uk/brent/bnc.nsf/(getservice)?OpenAgent&pid=36&i=08,14/09/2010 11:59:42
37,L3,Yes,"School meals","School - catering","Directgov - Nutrition and school lunches",http://www.direct.gov.uk/en/Parents/Schoolslearninganddevelopment/SchoolLife/DG_4016089,http://id.esd.org.uk/service/37,http://www.brent.gov.uk/brent/bnc.nsf/(getservice)?OpenAgent&pid=37&i=08,14/09/2010 11:59:43
37,L3,Yes,"School meals","School - catering","NHS - School packed lunches",http://www.nhs.uk/Livewell/childhealth6-15/Pages/Lighterlunchboxes.aspx,http://id.esd.org.uk/service/37,http://www.brent.gov.uk/brent/bnc.nsf/(getservice)?OpenAgent&pid=37&i=08,25/10/2010 11:42:49
48,L3,Yes,"Performance licences for children","Licence - child employment","Directgov - Child employment",http://www.direct.gov.uk/en/Parents/ParentsRights/DG_4002945,http://id.esd.org.uk/service/48,http://www.brent.gov.uk/brent/bnc.nsf/(getservice)?OpenAgent&pid=48&i=08,28/09/2010 19:35:41
57,L3,Yes,"Council tax - annual notification","Council tax - annual notification","Directgov - Council tax payment",http://www.direct.gov.uk/en/HomeAndCommunity/YourlocalcouncilandCouncilTax/CouncilTax/DG_10037280,http://id.esd.org.uk/service/57,http://www.brent.gov.uk/brent/bnc.nsf/(getservice)?OpenAgent&pid=57&i=08,28/09/2010 19:55:00
58,L3,Yes,"Council tax - account enquiries","Council tax - account enquiries","Directgov - Council tax payments",http://www.direct.gov.uk/en/HomeAndCommunity/YourlocalcouncilandCouncilTax/CouncilTax/DG_10037280,http://id.esd.org.uk/service/58,http://www.brent.gov.uk/brent/bnc.nsf/(getservice)?OpenAgent&pid=58&i=08,28/09/2010 19:51:31
59,L3,Yes,"Council tax - discount","Council tax - discount","Directgov - Council tax discounts",http://www.direct.gov.uk/en/HomeAndCommunity/YourlocalcouncilandCouncilTax/CouncilTax/DG_10037422,http://id.esd.org.uk/service/59,http://www.brent.gov.uk/brent/bnc.nsf/(getservice)?OpenAgent&pid=59&i=08,28/09/2010 19:53:17
61,L3,Yes,"Council tax discounts and exemptions","Council tax - band reductions","Directgov - Council tax exemptions",http://www.direct.gov.uk/en/HomeAndCommunity/YourlocalcouncilandCouncilTax/CouncilTax/DG_10037422,http://id.esd.org.uk/service/61,http://www.brent.gov.uk/brent/bnc.nsf/(getservice)?OpenAgent&pid=61&i=08,28/09/2010 20:06:34
62,L3,Yes,"Council tax benefits","Council tax - backdated claims","Directgov - Council tax benefit",http://www.direct.gov.uk/en/HomeAndCommunity/YourlocalcouncilandCouncilTax/CouncilTax/DG_10037422,http://id.esd.org.uk/service/62,http://www.brent.gov.uk/brent/bnc.nsf/(getservice)?OpenAgent&pid=62&i=08,28/09/2010 20:04:01
63,L3,Yes,"Council tax benefit","Council tax benefit - new claim","Directgov - Council tax benefit",http://www.direct.gov.uk/en/MoneyTaxAndBenefits/BenefitsTaxCreditsAndOtherSupport/On_a_low_income/DG_10018923,http://id.esd.org.uk/service/63,http://www.brent.gov.uk/brent/bnc.nsf/(getservice)?OpenAgent&pid=63&i=08,23/12/2010 18:53:17
65,L3,Yes,"Council tax - appeals","Council tax - appeals","Directgov - Council tax appeals",http://www.direct.gov.uk/en/HomeAndCommunity/YourlocalcouncilandCouncilTax/CouncilTax/DG_10037424,http://id.esd.org.uk/service/65,http://www.brent.gov.uk/brent/bnc.nsf/(getservice)?OpenAgent&pid=65&i=08,28/09/2010 20:05:21
69,L3,Yes,"Housing benefit - new claim","Housing benefit - new claim","Directgov - Housing benefit",http://www.direct.gov.uk/en/MoneyTaxAndBenefits/BenefitsTaxCreditsAndOtherSupport/On_a_low_income/DG_10018926,http://id.esd.org.uk/service/69,http://www.brent.gov.uk/brent/bnc.nsf/(getservice)?OpenAgent&pid=69&i=08,29/09/2010 17:15:11
87,L3,Yes,"Joining a housing association","Housing associations - nomination and registration","Directgov - Housing associations",http://www.direct.gov.uk/en/HomeAndCommunity/Councilandhousingassociationhomes/Housingassociationhomes/Applyingforahousingassociationhome/DG_188384,http://id.esd.org.uk/service/87,http://www.brent.gov.uk/brent/bnc.nsf/(getservice)?OpenAgent&pid=87&i=08,29/09/2010 17:27:10
88,L3,Yes,"Home exchange","Home exchange","Directgov - Home exchange",http://www.direct.gov.uk/en/HomeAndCommunity/Councilandhousingassociationhomes/Councilhousing/Counciltenants/DG_188555,http://id.esd.org.uk/service/88,http://www.brent.gov.uk/brent/bnc.nsf/(getservice)?OpenAgent&pid=88&i=08,29/09/2010 17:43:50
91,L3,,"Tenancy issues","Council housing - tenancy issues","Directgov - Private renting",http://www.direct.gov.uk/en/HomeAndCommunity/Privaterenting/index.htm,http://id.esd.org.uk/service/91,http://www.brent.gov.uk/brent/bnc.nsf/(getservice)?OpenAgent&pid=91&i=08,13/10/2010 21:17:31
97,L3,Yes,"Crime","Crime - support and assistance","Directgov - Crime prevention",http://www.direct.gov.uk/en/CrimeJusticeAndTheLaw/CrimePrevention/index.htm,http://id.esd.org.uk/service/97,http://www.brent.gov.uk/brent/bnc.nsf/(getservice)?OpenAgent&pid=97&i=08,04/10/2010 09:17:13
98,L3,Yes,"Nuisance/threatening behaviour","Anti social behaviour and nuisance","Directgov - Anti-social behaviour",http://www.direct.gov.uk/en/CrimeJusticeAndTheLaw/Typesofcrime/DG_4001652,http://id.esd.org.uk/service/98,http://www.brent.gov.uk/brent/bnc.nsf/(getservice)?OpenAgent&pid=98&i=08,29/09/2010 18:07:46
101,L3,Yes,"Squatters and unauthorised occupants","Council housing - squatters and unauthorised occupants","Directgov - Squatters",http://www.direct.gov.uk/en/HomeAndCommunity/WhereYouLive/Derelictbuildingsandsquatters/DG_10022452,http://id.esd.org.uk/service/101,http://www.brent.gov.uk/brent/bnc.nsf/(getservice)?OpenAgent&pid=101&i=08,04/10/2010 09:18:20
112,L3,Yes,"Homelessness - advice and support","Homelessness - advice and support","Directgov - Homelessness",http://www.direct.gov.uk/en/HomeAndCommunity/Councilandhousingassociationhomes/Findingsomewhere/DG_4001401,http://id.esd.org.uk/service/112,http://www.brent.gov.uk/brent/bnc.nsf/(getservice)?OpenAgent&pid=112&i=08,14/10/2010 19:11:22
114,L3,Yes,"Council estates - parking","Council estates - parking","Directgov - Parking on council estates",http://www.direct.gov.uk/en/HomeAndCommunity/Councilandhousingassociationhomes/Councilhousing/Counciltenants/DG_188569,http://id.esd.org.uk/service/114,http://www.brent.gov.uk/brent/bnc.nsf/(getservice)?OpenAgent&pid=114&i=08,29/09/2010 19:25:40
115,L3,Yes,"Garages","Council lettings - garages","Directgov - Council garages",http://www.direct.gov.uk/en/HomeAndCommunity/Councilandhousingassociationhomes/Councilhousing/Counciltenants/DG_188566,http://id.esd.org.uk/service/115,http://www.brent.gov.uk/brent/bnc.nsf/(getservice)?OpenAgent&pid=115&i=08,04/10/2010 09:18:22
116,L3,Yes,"Tenancy arrears","Council housing - current tenancy arrears","Directgov - Rent arrears",http://www.direct.gov.uk/en/MoneyTaxAndBenefits/ManagingDebt/DebtsAndArrears/DG_10019426,http://id.esd.org.uk/service/116,http://www.brent.gov.uk/brent/bnc.nsf/(getservice)?OpenAgent&pid=116&i=08,13/10/2010 21:19:58
117,L3,Yes,"Evictions","Council housing - evictions","Directgov - Evictions from council housing",http://www.direct.gov.uk/en/HomeAndCommunity/Councilandhousingassociationhomes/Rentarrearsandeviction/index.htm,http://id.esd.org.uk/service/117,http://www.brent.gov.uk/brent/bnc.nsf/(getservice)?OpenAgent&pid=117&i=08,14/09/2010 12:00:08
117,L3,Yes,"Evictions","Council housing - evictions","Directgov - Evictions from private renting",http://www.direct.gov.uk/en/HomeAndCommunity/Privaterenting/Problemsanddisputes/DG_189241,http://id.esd.org.uk/service/117,http://www.brent.gov.uk/brent/bnc.nsf/(getservice)?OpenAgent&pid=117&i=08,14/09/2010 12:00:08
120,L3,Yes,"Council housing - rents","Council housing - rents","Directgov - Council housing rents",http://www.direct.gov.uk/en/HomeAndCommunity/Councilandhousingassociationhomes/Rentarrearsandeviction/DG_188686,http://id.esd.org.uk/service/120,http://www.brent.gov.uk/brent/bnc.nsf/(getservice)?OpenAgent&pid=120&i=08,29/09/2010 19:35:08
130,L3,Yes,"Adaptations to a council property","Council housing - home adaptations","Directgov - Disabled Facilities Grants",http://www.direct.gov.uk/en/DisabledPeople/HomeAndHousingOptions/YourHome/DG_10018283,http://id.esd.org.uk/service/130,http://www.brent.gov.uk/brent/bnc.nsf/(getservice)?OpenAgent&pid=130&i=08,19/10/2010 19:49:38
137,L3,Yes,"Disability grant","Home improvements - disability facility grant for a private property","Directgov - Disabled Facilities Grants",http://www.direct.gov.uk/en/DisabledPeople/HomeAndHousingOptions/YourHome/DG_10018283,http://id.esd.org.uk/service/137,http://www.brent.gov.uk/brent/bnc.nsf/(getservice)?OpenAgent&pid=137&i=08,19/10/2010 19:46:14
140,L3,Yes,"Council housing repairs","Housing repairs - communal areas","Directgov - Council housing repairs",http://www.direct.gov.uk/en/HomeAndCommunity/Councilandhousingassociationhomes/Repairsandstandards/DG_188673,http://id.esd.org.uk/service/140,http://www.brent.gov.uk/brent/bnc.nsf/(getservice)?OpenAgent&pid=140&i=08,21/10/2010 19:15:52
147,L3,Yes,"Garden maintenance","Garden maintenance","Directgov - Help with garden maintenance",http://www.direct.gov.uk/en/HomeAndCommunity/InYourHome/SupportAtHome/DG_10026083,http://id.esd.org.uk/service/147,http://www.brent.gov.uk/brent/bnc.nsf/(getservice)?OpenAgent&pid=147&i=08,21/10/2010 18:53:11
151,L3,Yes,"Right to buy","Home ownership service - right to buy","Directgov - Right to Buy",http://www.direct.gov.uk/en/HomeAndCommunity/BuyingAndSellingYourHome/HomeBuyingSchemes/DG_4001398,http://id.esd.org.uk/service/151,http://www.brent.gov.uk/brent/bnc.nsf/(getservice)?OpenAgent&pid=151&i=08,21/10/2010 19:00:39
156,L3,Yes,"Communal services & repairs","Services and communal repairs","Directgov - Council housing repairs",http://www.direct.gov.uk/en/HomeAndCommunity/Councilandhousingassociationhomes/Repairsandstandards/DG_188673,http://id.esd.org.uk/service/156,http://www.brent.gov.uk/brent/bnc.nsf/(getservice)?OpenAgent&pid=156&i=08,21/10/2010 19:17:26
159,L3,Yes,"Fostering","Fostering","Directgov - Fostering",http://www.direct.gov.uk/en/Parents/Adoptionfosteringandchildrenincare/Fostering/index.htm,http://id.esd.org.uk/service/159,http://www.brent.gov.uk/brent/bnc.nsf/(getservice)?OpenAgent&pid=159&i=08,21/10/2010 18:43:07
160,L3,Yes,"Adoption","Adoption","Directgov - Adoption",http://www.direct.gov.uk/en/Parents/Adoptionfosteringandchildrenincare/AdoptionAndFostering/index.htm,http://id.esd.org.uk/service/160,http://www.brent.gov.uk/brent/bnc.nsf/(getservice)?OpenAgent&pid=160&i=08,21/10/2010 18:43:12
169,L3,Yes,"Interpreting and translating","Translating and interpreting services","Directgov - Translation",http://www.direct.gov.uk/en/HomeAndCommunity/YourlocalcouncilandCouncilTax/YourCommunity/DG_10029757,http://id.esd.org.uk/service/169,http://www.brent.gov.uk/brent/bnc.nsf/(getservice)?OpenAgent&pid=169&i=08,14/09/2010 12:00:06
173,L3,,"Final warning","Youth justice - final warning","Directgov - Community sentencing",http://www.direct.gov.uk/en/YoungPeople/CrimeAndJustice/CrimeAndTheLaw/DG_10028367,http://id.esd.org.uk/service/173,http://www.brent.gov.uk/brent/bnc.nsf/(getservice)?OpenAgent&pid=173&i=08,28/10/2010 20:09:09
175,L3,Yes,"Parenting orders","Parenting orders","Directgov - Parenting orders",http://www.direct.gov.uk/en/Parents/CrimeAndYoungOffenders/DG_071214,http://id.esd.org.uk/service/175,http://www.brent.gov.uk/brent/bnc.nsf/(getservice)?OpenAgent&pid=175&i=08,04/10/2010 09:18:24
176,L3,,"Court procedures","Youth justice - court procedures","Directgov - Going to court",http://www.direct.gov.uk/en/CrimeJusticeAndTheLaw/Goingtocourt/index.htm,http://id.esd.org.uk/service/176,http://www.brent.gov.uk/brent/bnc.nsf/(getservice)?OpenAgent&pid=176&i=08,28/10/2010 20:01:04
189,L3,,"Welfare rights - advice","Welfare rights - advice","Directgov - Welfare benefits advice",http://www.direct.gov.uk/en/MoneyTaxAndBenefits/BenefitsTaxCreditsAndOtherSupport/index.htm,http://id.esd.org.uk/service/189,http://www.brent.gov.uk/brent/bnc.nsf/(getservice)?OpenAgent&pid=189&i=08,14/09/2010 12:00:10
202,L3,,"Support for adults with HIV","Support for adults with HIV","NHS - HIV and AIDS",http://www.nhs.uk/conditions/HIV/Pages/Introduction.aspx,http://id.esd.org.uk/service/202,http://www.brent.gov.uk/brent/bnc.nsf/(getservice)?OpenAgent&pid=202&i=08,25/10/2010 13:27:29
209,L3,Yes,"How we decide who gets help","Needs assessment by social services","Directgov - Social care assessments",http://www.direct.gov.uk/en/DisabledPeople/HealthAndSupport/ArrangingHealthAndSocialCare/DG_4000436,http://id.esd.org.uk/service/209,http://www.brent.gov.uk/brent/bnc.nsf/(getservice)?OpenAgent&pid=209&i=08,22/10/2010 09:31:50
225,L3,Yes,"Adult carers","Adult carers","Directgov - Caring for someone",http://www.direct.gov.uk/en/CaringForSomeone/index.htm,http://id.esd.org.uk/service/225,http://www.brent.gov.uk/brent/bnc.nsf/(getservice)?OpenAgent&pid=225&i=08,14/09/2010 12:00:05
225,L3,Yes,"Adult carers","Adult carers","NHS - Guide to caring",http://www.nhs.uk/CarersDirect/guide/Pages/Guidetocaringhome.aspx,http://id.esd.org.uk/service/225,http://www.brent.gov.uk/brent/bnc.nsf/(getservice)?OpenAgent&pid=225&i=08,14/09/2010 12:00:05
227,L3,Yes,"Breaks for carers","Respite care for adults","Directgov - Time out from caring",http://www.direct.gov.uk/en/CaringForSomeone/HealthAndTakingABreak/DG_4000163,http://id.esd.org.uk/service/227,http://www.brent.gov.uk/brent/bnc.nsf/(getservice)?OpenAgent&pid=227&i=08,14/09/2010 12:00:05
230,L3,Yes,"Sheltered housing","Supported and sheltered housing - information and advice","Directgov - Sheltered housing",http://www.direct.gov.uk/en/DisabledPeople/HomeAndHousingOptions/SupportedHousingSchemes/DG_4000295,http://id.esd.org.uk/service/230,http://www.brent.gov.uk/brent/bnc.nsf/(getservice)?OpenAgent&pid=230&i=08,14/09/2010 12:00:09
242,L3,Yes,"Learning disabilities","Care - at home","NHS - Learning disability",http://www.nhs.uk/carersdirect/young/caring-and-illnesses/pages/learningdisability.aspx,http://id.esd.org.uk/service/242,http://www.brent.gov.uk/brent/bnc.nsf/(getservice)?OpenAgent&pid=242&i=08,25/10/2010 11:51:13
246,L3,,"Support for children with HIV","Support for children with HIV","NHS - HIV and AIDS",http://www.nhs.uk/conditions/HIV/Pages/Introduction.aspx,http://id.esd.org.uk/service/246,http://www.brent.gov.uk/brent/bnc.nsf/(getservice)?OpenAgent&pid=246&i=08,25/10/2010 11:44:23
269,L3,Yes,"Keeping warm in winter service","Keeping warm in winter service","Directgov - Staying warm in winter",http://www.direct.gov.uk/en/HomeAndCommunity/InYourHome/KeepingSafeAtHome/DG_10027755,http://id.esd.org.uk/service/269,http://www.brent.gov.uk/brent/bnc.nsf/(getservice)?OpenAgent&pid=269&i=08,05/10/2010 19:22:06
269,L3,Yes,"Keeping warm in winter service","Keeping warm in winter service","NHS - Keep warm",http://www.nhs.uk/Livewell/winterhealth/Pages/KeepWarmKeepWell.aspx,http://id.esd.org.uk/service/269,http://www.brent.gov.uk/brent/bnc.nsf/(getservice)?OpenAgent&pid=269&i=08,25/10/2010 20:11:02
272,L3,Yes,"Community transport","Community transport","Directgov - Community transport",http://www.direct.gov.uk/en/DisabledPeople/MotoringAndTransport/PublicAndCommunityTransport/DG_073262,http://id.esd.org.uk/service/272,http://www.brent.gov.uk/brent/bnc.nsf/(getservice)?OpenAgent&pid=272&i=08,21/10/2010 19:32:59
274,L3,Yes,"Disabled people - parking bays","Disabled people - parking bays","Directgov - Blue Badge scheme",http://www.direct.gov.uk/en/DisabledPeople/MotoringAndTransport/Bluebadgescheme/index.htm,http://id.esd.org.uk/service/274,http://www.brent.gov.uk/brent/bnc.nsf/(getservice)?OpenAgent&pid=274&i=08,21/10/2010 19:38:52
279,L3,Yes,"Disabled parking permits","Disabled people - parking permits - blue badge","Directgov - Blue Badge",http://www.direct.gov.uk/en/DisabledPeople/MotoringAndTransport/Bluebadgescheme/DG_181208,http://id.esd.org.uk/service/279,http://www.brent.gov.uk/brent/bnc.nsf/(getservice)?OpenAgent&pid=279&i=08,19/10/2010 20:10:52
287,L3,Yes,"Direct payments","Social services - direct payments","Directgov - Direct payments",http://www.direct.gov.uk/en/CaringForSomeone/MoneyMatters/DG_10018517,http://id.esd.org.uk/service/287,http://www.brent.gov.uk/brent/bnc.nsf/(getservice)?OpenAgent&pid=287&i=08,04/10/2010 09:18:25
296,L3,Yes,"Day care for older people","Community and day centres","Directgov - Community Care options",http://www.direct.gov.uk/en/DisabledPeople/HealthAndSupport/MentalHealth/DG_10023343,http://id.esd.org.uk/service/296,http://www.brent.gov.uk/brent/bnc.nsf/(getservice)?OpenAgent&pid=296&i=08,21/10/2010 19:53:11
297,L3,Yes,"Community support groups and organisations","Community support groups and organisations","Directgov - Support groups",http://www.direct.gov.uk/en/HomeAndCommunity/InYourHome/SupportAtHome/DG_10026190,http://id.esd.org.uk/service/297,http://www.brent.gov.uk/brent/bnc.nsf/(getservice)?OpenAgent&pid=297&i=08,14/09/2010 12:00:06
298,L3,Yes,"Carer support groups and organisations","Carer support groups and organisations","Directgov - Support groups",http://www.direct.gov.uk/en/HomeAndCommunity/InYourHome/SupportAtHome/DG_10026190,http://id.esd.org.uk/service/298,http://www.brent.gov.uk/brent/bnc.nsf/(getservice)?OpenAgent&pid=298&i=08,21/10/2010 19:56:49
298,L3,Yes,"Carer support groups and organisations","Carer support groups and organisations","NHS - Carers Direct",http://www.nhs.uk/carersdirect/Pages/CarersDirectHome.aspx,http://id.esd.org.uk/service/298,http://www.brent.gov.uk/brent/bnc.nsf/(getservice)?OpenAgent&pid=298&i=08,25/10/2010 13:35:17
300,L3,Yes,"Young carers - support and advice","Young carers - support and advice","Directgov - Young carers",http://www.direct.gov.uk/en/CaringForSomeone/CaringAndSupportServices/DG_4000194,http://id.esd.org.uk/service/300,http://www.brent.gov.uk/brent/bnc.nsf/(getservice)?OpenAgent&pid=300&i=08,04/10/2010 09:18:24
300,L3,Yes,"Young carers - support and advice","Young carers - support and advice","NHS - Young carers",http://www.nhs.uk/CarersDirect/young/Pages/Youngcarershome.aspx,http://id.esd.org.uk/service/300,http://www.brent.gov.uk/brent/bnc.nsf/(getservice)?OpenAgent&pid=300&i=08,25/10/2010 11:41:14
300,L3,Yes,"Young carers - support and advice","Young carers - support and advice","NHS - Mental Health",http://www.nhs.uk/LiveWell/Mentalhealth/Pages/Mentalhealthhome.aspx,http://id.esd.org.uk/service/300,http://www.brent.gov.uk/brent/bnc.nsf/(getservice)?OpenAgent&pid=300&i=08,25/10/2010 20:13:23
313,L3,Yes,"Alarm services","Community alarm services","Directgov - Support in your own home",http://www.direct.gov.uk/en/Pensionsandretirementplanning/HomeAndCommunity/StayingInYourHome/DG_10027990,http://id.esd.org.uk/service/313,http://www.brent.gov.uk/brent/bnc.nsf/(getservice)?OpenAgent&pid=313&i=08,30/09/2010 19:11:25
315,L3,Yes,"Meals on wheels","Mobile meals - meals on wheels","Directgov - Meals at home",http://www.direct.gov.uk/en/HomeAndCommunity/InYourHome/SupportAtHome/DG_4000682,http://id.esd.org.uk/service/315,http://www.brent.gov.uk/brent/bnc.nsf/(getservice)?OpenAgent&pid=315&i=08,30/09/2010 19:07:17
315,L3,Yes,"Meals on wheels","Mobile meals - meals on wheels","NHS - Support services",http://www.nhs.uk/carersdirect/guide/practicalsupport/pages/supportservices.aspx,http://id.esd.org.uk/service/315,http://www.brent.gov.uk/brent/bnc.nsf/(getservice)?OpenAgent&pid=315&i=08,25/10/2010 13:38:07
317,L3,Yes,"Marriage","Marriage - arrangement and ceremonies","Directgov - Marriage",http://www.direct.gov.uk/en/Governmentcitizensandrights/Yourrightsandresponsibilities/DG_10026937,http://id.esd.org.uk/service/317,http://www.brent.gov.uk/brent/bnc.nsf/(getservice)?OpenAgent&pid=317&i=08,19/10/2010 20:32:50
319,L3,Yes,"Registering a birth","Birth - registering","Directgov - Registering a birth",http://www.direct.gov.uk/en/Governmentcitizensandrights/Registeringlifeevents/Birthandadoptionrecords/Registeringorchangingabirthrecord/index.htm,http://id.esd.org.uk/service/319,http://www.brent.gov.uk/brent/bnc.nsf/(getservice)?OpenAgent&pid=319&i=08,14/09/2010 12:00:10
321,L3,,"Registering deaths","Death - registering","Directgov - Registering a death",http://www.direct.gov.uk/en/Governmentcitizensandrights/Death/WhatToDoAfterADeath/DG_10029642,http://id.esd.org.uk/service/321,http://www.brent.gov.uk/brent/bnc.nsf/(getservice)?OpenAgent&pid=321&i=08,07/12/2010 19:08:32
322,L3,Yes,"Registering a stillbirth","Stillbirth - registering","Directgov - Registering a stillbirth",http://www.direct.gov.uk/en/Governmentcitizensandrights/Registeringlifeevents/Birthandadoptionrecords/Registeringorchangingabirthrecord/DG_175614,http://id.esd.org.uk/service/322,http://www.brent.gov.uk/brent/bnc.nsf/(getservice)?OpenAgent&pid=322&i=08,19/10/2010 20:14:53
323,L3,Yes,"Births, marriages and deaths - historical searches","Birth - historical searches","Directgov - Researching family history",http://www.direct.gov.uk/en/Governmentcitizensandrights/Registeringlifeevents/Familyhistoryandresearch/Researchingfamilyhistory/DG_175451,http://id.esd.org.uk/service/323,http://www.brent.gov.uk/brent/bnc.nsf/(getservice)?OpenAgent&pid=323&i=08,19/10/2010 20:30:28
328,L3,Yes,"Death - bereavement - advice and support","Death - bereavement - advice and support","Directgov - Bereavement advice",http://www.direct.gov.uk/en/Governmentcitizensandrights/Death/WhatToDoAfterADeath/DG_066805,http://id.esd.org.uk/service/328,http://www.brent.gov.uk/brent/bnc.nsf/(getservice)?OpenAgent&pid=328&i=08,19/10/2010 20:18:37
329,L3,Yes,"Funerals","Funeral - burials","Directgov - Arranging a funeral",http://www.direct.gov.uk/en/Governmentcitizensandrights/Death/WhatToDoAfterADeath/DG_10029667,http://id.esd.org.uk/service/329,http://www.brent.gov.uk/brent/bnc.nsf/(getservice)?OpenAgent&pid=329&i=08,19/10/2010 20:24:05
335,L3,Yes,"Burial register searches","Funeral - records","Directgov - Research burial records",http://www.direct.gov.uk/en/HomeAndCommunity/YourlocalcouncilandCouncilTax/YourCommunity/DG_4018920,http://id.esd.org.uk/service/335,http://www.brent.gov.uk/brent/bnc.nsf/(getservice)?OpenAgent&pid=335&i=08,19/10/2010 20:21:31
354,L3,Yes,"Committee minutes, agendas and reports","Council - minutes, agendas and reports","Directgov - Local councillors ",http://www.direct.gov.uk/en/Governmentcitizensandrights/UKgovernment/Localgovernment/DG_073312,http://id.esd.org.uk/service/354,http://www.brent.gov.uk/brent/bnc.nsf/(getservice)?OpenAgent&pid=354&i=08,28/10/2010 21:18:32
355,L3,Yes,"Councillors - declaration of interest","Councillors - declaration of interest","Directgov - Local councillors ",http://www.direct.gov.uk/en/Governmentcitizensandrights/UKgovernment/Localgovernment/DG_073312,http://id.esd.org.uk/service/355,http://www.brent.gov.uk/brent/bnc.nsf/(getservice)?OpenAgent&pid=355&i=08,28/10/2010 21:13:54
357,L3,Yes,"Councillors - surgeries","Councillors - surgeries","Directgov - Local councillors ",http://www.direct.gov.uk/en/Governmentcitizensandrights/UKgovernment/Localgovernment/DG_073312,http://id.esd.org.uk/service/357,http://www.brent.gov.uk/brent/bnc.nsf/(getservice)?OpenAgent&pid=357&i=08,28/10/2010 21:12:15
358,L3,Yes,"Councillors","Councillors - information and advice","Directgov - Local councillors",http://www.direct.gov.uk/en/Governmentcitizensandrights/UKgovernment/Localgovernment/DG_073312,http://id.esd.org.uk/service/358,http://www.brent.gov.uk/brent/bnc.nsf/(getservice)?OpenAgent&pid=358&i=08,28/10/2010 20:52:01
361,L3,Yes,"Elections - voting","Elections - proxy votes","Directgov - Voting",http://www.direct.gov.uk/en/Governmentcitizensandrights/UKgovernment/Politicalpartiesandelections/DG_073240,http://id.esd.org.uk/service/361,http://www.brent.gov.uk/brent/bnc.nsf/(getservice)?OpenAgent&pid=361&i=08,07/10/2010 19:35:10
364,L3,Yes,"Electoral Register","Elections - electoral register","Directgov - Registering to vote",http://www.direct.gov.uk/en/Governmentcitizensandrights/UKgovernment/Politicalpartiesandelections/DG_073239,http://id.esd.org.uk/service/364,http://www.brent.gov.uk/brent/bnc.nsf/(getservice)?OpenAgent&pid=364&i=08,19/10/2010 19:27:20
368,L3,,"CCTV","CCTV - releasing for evidence","Directgov - CCTV",http://www.direct.gov.uk/en/HomeAndCommunity/WhereYouLive/SaferStreets/DG_10034524,http://id.esd.org.uk/service/368,http://www.brent.gov.uk/brent/bnc.nsf/(getservice)?OpenAgent&pid=368&i=08,25/10/2010 12:37:21
372,L3,Yes,"Nuisance vehicle removal service","Abandoned vehicles - reporting and procedures","Directgov - Abandoned vehicles",http://www.direct.gov.uk/en/HomeAndCommunity/WhereYouLive/Streetcleaninglitterandillegaldumping/DG_4001703,http://id.esd.org.uk/service/372,http://www.brent.gov.uk/brent/bnc.nsf/(getservice)?OpenAgent&pid=372&i=08,07/10/2010 19:37:08
376,L3,,"Dangerous wild animals licence","Licence - dangerous animals","Directgov - Keeping wild animals",http://www.direct.gov.uk/en/HomeAndCommunity/InYourHome/AnimalsAndPets/DG_181824,http://id.esd.org.uk/service/376,http://www.brent.gov.uk/brent/bnc.nsf/(getservice)?OpenAgent&pid=376&i=08,14/09/2010 11:59:03
382,L3,,"Scaffolding and hoarding licence","Licence - scaffolding and hoarding","Directgov - Scaffolding",http://www.direct.gov.uk/en/HomeAndCommunity/Planning/DoingWorkYourself/DG_10030948,http://id.esd.org.uk/service/382,http://www.brent.gov.uk/brent/bnc.nsf/(getservice)?OpenAgent&pid=382&i=08,23/09/2010 18:27:03
395,L3,,"Alcohol and entertainment licences","Licence - theatre","Directgov - Licensing laws",http://www.direct.gov.uk/en/HomeAndCommunity/WhereYouLive/SaferStreets/DG_10030003,http://id.esd.org.uk/service/395,http://www.brent.gov.uk/brent/bnc.nsf/(getservice)?OpenAgent&pid=395&i=08,14/09/2010 12:00:00
395,L3,,"Alcohol and entertainment licences","Licence - theatre","OPSI - Licensing Act 2003",http://www.opsi.gov.uk/acts/acts2003/ukpga_20030017_en_1,http://id.esd.org.uk/service/395,http://www.brent.gov.uk/brent/bnc.nsf/(getservice)?OpenAgent&pid=395&i=08,14/09/2010 12:00:06
406,L3,,"Food business inspections","Food safety - inspections","Business Link - Food safety inspections",http://www.businesslink.gov.uk/bdotg/action/layer?topicId=1083947920&r.l1=1073858799&r.lc=en&r.l3=1083936310&r.l2=1083923207&r.i=1083936796&r.t=RESOURCES,http://id.esd.org.uk/service/406,http://www.brent.gov.uk/brent/bnc.nsf/(getservice)?OpenAgent&pid=406&i=08,14/09/2010 11:59:57
412,L3,Yes,"Noise nuisance","Pollution control - noise","Directgov - Neighbour disputes",http://www.direct.gov.uk/en/HomeAndCommunity/WhereYouLive/NoiseNuisanceAndLitter/DG_10029682,http://id.esd.org.uk/service/412,http://www.brent.gov.uk/brent/bnc.nsf/(getservice)?OpenAgent&pid=412&i=08,07/10/2010 19:29:58
413,L3,Yes,"Air quality","Pollution control - air quality","Business Link - Air pollution",http://www.businesslink.gov.uk/bdotg/action/layer?r.s=tl&r.l1=1079068363&r.lc=en&r.l2=1079363468&topicId=1080460523,http://id.esd.org.uk/service/413,http://www.brent.gov.uk/brent/bnc.nsf/(getservice)?OpenAgent&pid=413&i=08,14/09/2010 11:59:58
413,L3,Yes,"Air quality","Pollution control - air quality","Directgov - Air pollution",http://www.direct.gov.uk/en/Environmentandgreenerliving/Thewiderenvironment/Pollution/DG_180281,http://id.esd.org.uk/service/413,http://www.brent.gov.uk/brent/bnc.nsf/(getservice)?OpenAgent&pid=413&i=08,14/09/2010 11:59:26
415,L3,Yes,"Asbestos","Pollution control - asbestos","Directgov - Asbestos removal",http://www.direct.gov.uk/en/HomeAndCommunity/Planning/DoingWorkYourself/DG_10022562,http://id.esd.org.uk/service/415,http://www.brent.gov.uk/brent/bnc.nsf/(getservice)?OpenAgent&pid=415&i=08,07/10/2010 19:39:39
415,L3,Yes,"Asbestos","Pollution control - asbestos","HSE - Asbestos health and safety",http://www.hse.gov.uk/asbestos,http://id.esd.org.uk/service/415,http://www.brent.gov.uk/brent/bnc.nsf/(getservice)?OpenAgent&pid=415&i=08,07/10/2010 19:40:55
417,L3,,"Polluting emissions from industrial premises","Pollution control - construction information and advice","Business Link - Pollution prevention",http://www.businesslink.gov.uk/bdotg/action/layer?r.s=m&r.l1=1079068363&r.lc=en&r.l3=1080480296&r.l2=1079363468&topicId=1079363468,http://id.esd.org.uk/service/417,http://www.brent.gov.uk/brent/bnc.nsf/(getservice)?OpenAgent&pid=417&i=08,14/09/2010 11:59:59
418,L3,Yes,"Contaminated land enquiries","Pollution control - contaminated land","Business Link - Contaminated land",http://www.businesslink.gov.uk/bdotg/action/layer?=en&r.s=sc&r.l1=1079068363&r.lc=en&r.l3=1080367423&r.l2=1079363468&topicId=1080367423&r.i=1080373906&r.t=RESOURCES&=en&r.s=sc&r.l1=1079068363&r.lc=en&r.l3=1080367423&r.l2=1079363468&topicId=1080367423&r.i=1080373906&r.t=RESOURCES,http://id.esd.org.uk/service/418,http://www.brent.gov.uk/brent/bnc.nsf/(getservice)?OpenAgent&pid=418&i=08,14/09/2010 11:59:58
418,L3,Yes,"Contaminated land enquiries","Pollution control - contaminated land","Directgov - Reporting polluted land",http://www.direct.gov.uk/en/Environmentandgreenerliving/Thewiderenvironment/Pollution/DG_065390,http://id.esd.org.uk/service/418,http://www.brent.gov.uk/brent/bnc.nsf/(getservice)?OpenAgent&pid=418&i=08,14/09/2010 11:59:59
431,L3,Yes,"Pest control treatments","Pest control","Directgov - Pest control",http://www.direct.gov.uk/en/HomeAndCommunity/InYourHome/PestAndWeedControl/DG_10026663,http://id.esd.org.uk/service/431,http://www.brent.gov.uk/brent/bnc.nsf/(getservice)?OpenAgent&pid=431&i=08,14/09/2010 11:59:58
432,L3,Yes,"Dangerous dogs","Dog warden service","Directgov - Banned dogs",http://www.direct.gov.uk/en/HomeAndCommunity/InYourHome/AnimalsAndPets/Dogs/DG_180098,http://id.esd.org.uk/service/432,http://www.brent.gov.uk/brent/bnc.nsf/(getservice)?OpenAgent&pid=432&i=08,14/09/2010 12:00:08
435,L3,Yes,"Infectious diseases","Infectious diseases - investigation","NHS - search "infectious"",http://www.nhs.uk/Search/Pages/Results.aspx?q=Infectious,http://id.esd.org.uk/service/435,http://www.brent.gov.uk/brent/bnc.nsf/(getservice)?OpenAgent&pid=435&i=08,25/10/2010 12:45:39
437,L3,Yes,"Learning in libraries","Libraries - information and advice","Directgov - Library services",http://www.direct.gov.uk/en/HomeAndCommunity/YourlocalcouncilandCouncilTax/YourCommunity/DG_4018790,http://id.esd.org.uk/service/437,http://www.brent.gov.uk/brent/bnc.nsf/(getservice)?OpenAgent&pid=437&i=08,19/10/2010 20:46:27
437,L3,Yes,"Learning in libraries","Libraries - information and advice","Directgov - Creating your CV",http://www.direct.gov.uk/en/YoungPeople/Workandcareers/Gettingyourfirstjob/DG_066151,http://id.esd.org.uk/service/437,http://www.brent.gov.uk/brent/bnc.nsf/(getservice)?OpenAgent&pid=437&i=08,10/11/2010 13:24:37
437,L3,Yes,"Learning in libraries","Libraries - information and advice","Directgov - Improving your CV",http://www.direct.gov.uk/en/Pensionsandretirementplanning/Working/LookingForWork/DG_10026752,http://id.esd.org.uk/service/437,http://www.brent.gov.uk/brent/bnc.nsf/(getservice)?OpenAgent&pid=437&i=08,10/11/2010 13:25:18
438,L3,Yes,"Joining a library","Libraries - how to join","Directgov - Libraries",http://www.direct.gov.uk/en/HomeAndCommunity/YourlocalcouncilandCouncilTax/YourCommunity/DG_4018790,http://id.esd.org.uk/service/438,http://www.brent.gov.uk/brent/bnc.nsf/(getservice)?OpenAgent&pid=438&i=08,19/10/2010 20:37:56
439,L3,Yes,"Library catalogue","Libraries - catalogues","Directgov - Libraries and books",http://www.direct.gov.uk/en/HomeAndCommunity/YourlocalcouncilandCouncilTax/YourCommunity/DG_4018790,http://id.esd.org.uk/service/439,http://www.brent.gov.uk/brent/bnc.nsf/(getservice)?OpenAgent&pid=439&i=08,19/10/2010 20:39:25
442,L3,Yes,"Booking a computer","Libraries - computers and the internet","Directgov - Internet access in libraries",http://www.direct.gov.uk/en/HomeAndCommunity/YourlocalcouncilandCouncilTax/YourCommunity/DG_4018790,http://id.esd.org.uk/service/442,http://www.brent.gov.uk/brent/bnc.nsf/(getservice)?OpenAgent&pid=442&i=08,19/10/2010 20:40:48
444,L3,Yes,"Home library service","Libraries - mobile library service","Directgov - Mobile libraries",http://www.direct.gov.uk/en/HomeAndCommunity/YourlocalcouncilandCouncilTax/YourCommunity/DG_4018790,http://id.esd.org.uk/service/444,http://www.brent.gov.uk/brent/bnc.nsf/(getservice)?OpenAgent&pid=444&i=08,19/10/2010 20:41:53
445,L3,Yes,"Libraries in Brent","Libraries - information services","Directgov - Libraries",http://www.direct.gov.uk/en/HomeAndCommunity/YourlocalcouncilandCouncilTax/YourCommunity/DG_4018790,http://id.esd.org.uk/service/445,http://www.brent.gov.uk/brent/bnc.nsf/(getservice)?OpenAgent&pid=445&i=08,19/10/2010 20:45:14
448,L3,Yes,"Brent Archive","Records and archives - information and advice","Directgov - Local history",http://www.direct.gov.uk/en/HomeAndCommunity/YourlocalcouncilandCouncilTax/YourCommunity/DG_4018920,http://id.esd.org.uk/service/448,http://www.brent.gov.uk/brent/bnc.nsf/(getservice)?OpenAgent&pid=448&i=08,27/10/2010 11:53:17
461,L3,Yes,"Parks and open spaces","Parks and open spaces - information and advice","Directgov - Parks",http://www.direct.gov.uk/en/Environmentandgreenerliving/Greenertravel/Enjoyingthecountryside/DG_064868,http://id.esd.org.uk/service/461,http://www.brent.gov.uk/brent/bnc.nsf/(getservice)?OpenAgent&pid=461&i=08,22/09/2010 15:08:42
471,L3,Yes,"Parking fines","Street parking - enforcement and fines","Directgov - Parking tickets",http://www.direct.gov.uk/en/HomeAndCommunity/WhereYouLive/StreetsParkingCleaningAndLighting/DG_10024872,http://id.esd.org.uk/service/471,http://www.brent.gov.uk/brent/bnc.nsf/(getservice)?OpenAgent&pid=471&i=08,07/10/2010 19:20:27
474,L3,Yes,"Parking permits","Street parking - permits","Directgov - Parking permits",http://www.direct.gov.uk/en/HomeAndCommunity/WhereYouLive/StreetsParkingCleaningAndLighting/DG_10025971,http://id.esd.org.uk/service/474,http://www.brent.gov.uk/brent/bnc.nsf/(getservice)?OpenAgent&pid=474&i=08,07/10/2010 19:19:45
475,L3,,"Pavements","Street parking - pavements","Directgov - Pavements   ",http://www.direct.gov.uk/en/HomeAndCommunity/WhereYouLive/RoadsAndStreets/DG_10026089,http://id.esd.org.uk/service/475,http://www.brent.gov.uk/brent/bnc.nsf/(getservice)?OpenAgent&pid=475&i=08,17/11/2010 15:09:07
477,L3,Yes,"Dropped kerbs","Vehicle access - kerbs","Directgov - Dropped kerbs",http://www.direct.gov.uk/en/HomeAndCommunity/WhereYouLive/StreetsParkingCleaningAndLighting/DG_10026223,http://id.esd.org.uk/service/477,http://www.brent.gov.uk/brent/bnc.nsf/(getservice)?OpenAgent&pid=477&i=08,07/10/2010 19:27:22
485,L3,Yes,"Planning applications","Planning applications - residential","Directgov - Planning application",http://www.direct.gov.uk/en/HomeAndCommunity/Planning/PlanningPermission/DG_4018105,http://id.esd.org.uk/service/485,http://www.brent.gov.uk/brent/bnc.nsf/(getservice)?OpenAgent&pid=485&i=08,19/10/2010 20:51:47
499,L3,Yes,"Building control applications","Building control - applications","Directgov - Building regulations",http://www.direct.gov.uk/en/HomeAndCommunity/Planning/BuildingRegulations/index.htm,http://id.esd.org.uk/service/499,http://www.brent.gov.uk/brent/bnc.nsf/(getservice)?OpenAgent&pid=499&i=08,23/09/2010 17:59:59
508,L3,Yes,"Trees on public highways","Tree preservation orders","Directgov - Tree preservation",http://www.direct.gov.uk/en/Environmentandgreenerliving/Greenertravel/Enjoyingthecountryside/DG_064868,http://id.esd.org.uk/service/508,http://www.brent.gov.uk/brent/bnc.nsf/(getservice)?OpenAgent&pid=508&i=08,23/09/2010 18:14:58
510,L3,Yes,"Allotments","Allotments","Directgov - Renting an allotment",http://www.direct.gov.uk/en/HomeAndCommunity/YourlocalcouncilandCouncilTax/YourCommunity/DG_4018786,http://id.esd.org.uk/service/510,http://www.brent.gov.uk/brent/bnc.nsf/(getservice)?OpenAgent&pid=510&i=08,14/09/2010 11:59:55
513,L3,Yes,"Naming and numbering of new properties","Street naming and numbering register","Directgov - Address numbering",http://www.direct.gov.uk/en/HomeAndCommunity/WhereYouLive/StreetsParkingCleaningAndLighting/DG_10026169,http://id.esd.org.uk/service/513,http://www.brent.gov.uk/brent/bnc.nsf/(getservice)?OpenAgent&pid=513&i=08,19/10/2010 20:57:09
514,L3,Yes,"Listed buildings","Listed buildings register","Directgov - Listed buildings",http://www.direct.gov.uk/en/HomeAndCommunity/Planning/PlanningPermission/DG_10030546,http://id.esd.org.uk/service/514,http://www.brent.gov.uk/brent/bnc.nsf/(getservice)?OpenAgent&pid=514&i=08,19/10/2010 20:48:15
516,L3,Yes,"Planning decision notices","Planning decision notices","Directgov - Planning searches",http://www.direct.gov.uk/en/HomeAndCommunity/Planning/PlanningPermission/DG_4018105,http://id.esd.org.uk/service/516,http://www.brent.gov.uk/brent/bnc.nsf/(getservice)?OpenAgent&pid=516&i=08,08/11/2010 10:42:10
523,L3,,"Clinical waste collection","Commercial waste - clinical waste disposal","Directgov - Clinical waste collection",http://www.direct.gov.uk/en/HomeAndCommunity/InYourHome/SupportAtHome/DG_10030601,http://id.esd.org.uk/service/523,http://www.brent.gov.uk/brent/bnc.nsf/(getservice)?OpenAgent&pid=523&i=08,05/04/2011 18:43:30
524,L3,Yes,"Rubbish collections","Household waste - rubbish collections","Directgov - Waste collection",http://www.direct.gov.uk/en/HomeAndCommunity/WhereYouLive/Streetcleaninglitterandillegaldumping/DG_10026161,http://id.esd.org.uk/service/524,http://www.brent.gov.uk/brent/bnc.nsf/(getservice)?OpenAgent&pid=524&i=08,14/09/2010 12:00:00
528,L3,Yes,"Furniture and electrical item collection","Household waste - special collections for large items","Directgov - Bulky items",http://www.direct.gov.uk/en/HomeAndCommunity/WhereYouLive/Streetcleaninglitterandillegaldumping/DG_10015935,http://id.esd.org.uk/service/528,http://www.brent.gov.uk/brent/bnc.nsf/(getservice)?OpenAgent&pid=528&i=08,14/09/2010 12:00:01
530,L3,Yes,"Garden waste bio-sack collection","Household waste - garden waste","Directgov - Garden waste",http://www.direct.gov.uk/en/Environmentandgreenerliving/Greenerhomeandgarden/Greenergarden/DG_064369,http://id.esd.org.uk/service/530,http://www.brent.gov.uk/brent/bnc.nsf/(getservice)?OpenAgent&pid=530&i=08,14/09/2010 12:00:12
531,L3,,"Reuse and recycling centre","Household waste - disposal sites","Directgov - Waste and Recycling",http://www.direct.gov.uk/en/Environmentandgreenerliving/Wasteandrecycling/DG_064365,http://id.esd.org.uk/service/531,http://www.brent.gov.uk/brent/bnc.nsf/(getservice)?OpenAgent&pid=531&i=08,14/09/2010 12:00:11
533,L3,Yes,"Recycling collections","Recycling - bags and containers","Directgov - Waste and Recycling",http://www.direct.gov.uk/en/Environmentandgreenerliving/Wasteandrecycling/DG_064365,http://id.esd.org.uk/service/533,http://www.brent.gov.uk/brent/bnc.nsf/(getservice)?OpenAgent&pid=533&i=08,14/09/2010 12:00:10
534,L3,Yes,"Recycling sites","Recycling - sites","Directgov - Waste and Recycling",http://www.direct.gov.uk/en/Environmentandgreenerliving/Wasteandrecycling/DG_064365,http://id.esd.org.uk/service/534,http://www.brent.gov.uk/brent/bnc.nsf/(getservice)?OpenAgent&pid=534&i=08,14/09/2010 12:00:10
535,L3,,"Home composting","Recycling - composters","Directgov - Composting",http://www.direct.gov.uk/en/Environmentandgreenerliving/Greenerhomeandgarden/Greenergarden/DG_064369,http://id.esd.org.uk/service/535,http://www.brent.gov.uk/brent/bnc.nsf/(getservice)?OpenAgent&pid=535&i=08,14/09/2010 12:00:11
536,L3,Yes,"Pavements - obstructions","Pavements - obstructions","Directgov - Pavements",http://www.direct.gov.uk/en/HomeAndCommunity/WhereYouLive/RoadsAndStreets/DG_10026089,http://id.esd.org.uk/service/536,http://www.brent.gov.uk/brent/bnc.nsf/(getservice)?OpenAgent&pid=536&i=08,17/11/2010 15:19:47
550,L3,Yes,"Private trees, hedges and shrubs","Roads - obstructions","Directgov - Obstructions on roads",http://www.direct.gov.uk/en/HomeAndCommunity/WhereYouLive/RoadsAndStreets/DG_10026093,http://id.esd.org.uk/service/550,http://www.brent.gov.uk/brent/bnc.nsf/(getservice)?OpenAgent&pid=550&i=08,13/10/2010 21:09:20
555,L3,Yes,"Drains and flooding","Roads - flooding - drains and gullies","Directgov - Reporting road flooding",http://www.direct.gov.uk/en/HomeAndCommunity/WhereYouLive/FloodingInYourArea/DG_10026188,http://id.esd.org.uk/service/555,http://www.brent.gov.uk/brent/bnc.nsf/(getservice)?OpenAgent&pid=555&i=08,21/10/2010 19:26:22
558,L3,Yes,"Personal injury claims","Pavements - personal injury","Directgov - Pavements",http://www.direct.gov.uk/en/HomeAndCommunity/WhereYouLive/RoadsAndStreets/DG_10026089,http://id.esd.org.uk/service/558,http://www.brent.gov.uk/brent/bnc.nsf/(getservice)?OpenAgent&pid=558&i=08,17/11/2010 15:21:31
561,L3,Yes,"Winter road treatment","Roads - gritting","Directgov - Road gritting",http://www.direct.gov.uk/en/HomeAndCommunity/WhereYouLive/RoadsAndStreets/DG_10026089,http://id.esd.org.uk/service/561,http://www.brent.gov.uk/brent/bnc.nsf/(getservice)?OpenAgent&pid=561&i=08,04/10/2010 09:18:23
562,L3,Yes,"Roads - snow clearance","Roads - snow clearance","Directgov - Snow clearance",http://www.direct.gov.uk/en/HomeAndCommunity/WhereYouLive/RoadsAndStreets/DG_10026089,http://id.esd.org.uk/service/562,http://www.brent.gov.uk/brent/bnc.nsf/(getservice)?OpenAgent&pid=562&i=08,17/11/2010 15:16:26
564,L3,Yes,"Street lighting","Lighting - street lights","Directgov - Street lights",http://www.direct.gov.uk/en/HomeAndCommunity/WhereYouLive/RoadsAndStreets/DG_10026193,http://id.esd.org.uk/service/564,http://www.brent.gov.uk/brent/bnc.nsf/(getservice)?OpenAgent&pid=564&i=08,13/10/2010 21:01:23
567,L3,Yes,"Traffic lights","Lighting - traffic lights","Directgov - Traffic lights",http://www.direct.gov.uk/en/HomeAndCommunity/WhereYouLive/RoadsAndStreets/DG_10026193,http://id.esd.org.uk/service/567,http://www.brent.gov.uk/brent/bnc.nsf/(getservice)?OpenAgent&pid=567&i=08,13/10/2010 21:02:21
569,L3,Yes,"Street works","Roads - road-works","Directgov - Roadworks",http://www.direct.gov.uk/en/HomeAndCommunity/WhereYouLive/RoadsAndStreets/DG_10026093,http://id.esd.org.uk/service/569,http://www.brent.gov.uk/brent/bnc.nsf/(getservice)?OpenAgent&pid=569&i=08,13/10/2010 21:04:23
570,L3,Yes,"Road closures and diversions","Roads - closures and diversions","Directgov - Road closures",http://www.direct.gov.uk/en/HomeAndCommunity/WhereYouLive/StreetsParkingCleaningAndLighting/DG_10028508,http://id.esd.org.uk/service/570,http://www.brent.gov.uk/brent/bnc.nsf/(getservice)?OpenAgent&pid=570&i=08,13/10/2010 21:07:11
571,L3,Yes,"Speeding control measures","Roads - speed limits","Directgov - Traffic calming",http://www.direct.gov.uk/en/TravelAndTransport/Usingmotorwaysandroads/Reducingroadcongestionandpollution/DG_10025600,http://id.esd.org.uk/service/571,http://www.brent.gov.uk/brent/bnc.nsf/(getservice)?OpenAgent&pid=571&i=08,21/10/2010 19:23:05
575,L3,,"Stray dogs","Animals - stray","Directgov - Lost and stray dogs",http://www.direct.gov.uk/en/HomeAndCommunity/InYourHome/AnimalsAndPets/Dogs/DG_180091,http://id.esd.org.uk/service/575,http://www.brent.gov.uk/brent/bnc.nsf/(getservice)?OpenAgent&pid=575&i=08,14/09/2010 12:00:06
576,L3,Yes,"Roadkill","Dead animal removal","Directgov - Street cleaning",http://www.direct.gov.uk/en/HomeAndCommunity/WhereYouLive/Streetcleaninglitterandillegaldumping/DG_10026147,http://id.esd.org.uk/service/576,http://www.brent.gov.uk/brent/bnc.nsf/(getservice)?OpenAgent&pid=576&i=08,19/11/2010 20:14:40
577,L3,Yes,"Dog and animal fouling","Dog and animal fouling","Directgov - Dog fouling",http://www.direct.gov.uk/en/HomeAndCommunity/WhereYouLive/Streetcleaninglitterandillegaldumping/DG_10025986,http://id.esd.org.uk/service/577,http://www.brent.gov.uk/brent/bnc.nsf/(getservice)?OpenAgent&pid=577&i=08,14/09/2010 12:00:03
581,L3,,"Street cleaning","Refuse - litter bins","Directgov - Street cleaning",http://www.direct.gov.uk/en/HomeAndCommunity/WhereYouLive/Streetcleaninglitterandillegaldumping/DG_10026147,http://id.esd.org.uk/service/581,http://www.brent.gov.uk/brent/bnc.nsf/(getservice)?OpenAgent&pid=581&i=08,14/09/2010 12:00:01
584,L3,Yes,"Graffiti removal","Graffiti - reporting and removal","Directgov - Graffiti removal",http://www.direct.gov.uk/en/HomeAndCommunity/WhereYouLive/Streetcleaninglitterandillegaldumping/DG_10029666,http://id.esd.org.uk/service/584,http://www.brent.gov.uk/brent/bnc.nsf/(getservice)?OpenAgent&pid=584&i=08,14/09/2010 12:00:01
587,L3,Yes,"Flytipping","Refuse - flytipping","Directgov - Fly-tipping",http://www.direct.gov.uk/en/HomeAndCommunity/WhereYouLive/Streetcleaninglitterandillegaldumping/DG_10029700,http://id.esd.org.uk/service/587,http://www.brent.gov.uk/brent/bnc.nsf/(getservice)?OpenAgent&pid=587&i=08,14/09/2010 12:00:01
588,L3,Yes,"Flyposting","Flyposting - reporting and removal","Directgov - Flyposting",http://www.direct.gov.uk/en/HomeAndCommunity/WhereYouLive/Streetcleaninglitterandillegaldumping/DG_10029666,http://id.esd.org.uk/service/588,http://www.brent.gov.uk/brent/bnc.nsf/(getservice)?OpenAgent&pid=588&i=08,13/10/2010 20:46:06
600,L3,Yes,"Dangerous structures","Dangerous structures and public safety","Directgov - Reporting empty property",http://www.direct.gov.uk/en/homeandcommunity/whereyoulive/derelictbuildingsandsquatters/dg_10030253,http://id.esd.org.uk/service/600,http://www.brent.gov.uk/brent/bnc.nsf/(getservice)?OpenAgent&pid=600&i=08,27/10/2010 18:02:37
620,L3,,"Brent Museum","Museums and galleries - information and advice","Directgov - Museums",http://www.direct.gov.uk/en/HomeAndCommunity/LeisureandRecreation/DG_064865,http://id.esd.org.uk/service/620,http://www.brent.gov.uk/brent/bnc.nsf/(getservice)?OpenAgent&pid=620&i=08,30/06/2011 12:18:03
630,L3,Yes,"Complaints about schools","School - complaints procedure","Directgov - Complaints about schools",http://www.direct.gov.uk/en/Parents/Schoolslearninganddevelopment/YourChildsWelfareAtSchool/DG_4016106,http://id.esd.org.uk/service/630,http://www.brent.gov.uk/brent/bnc.nsf/(getservice)?OpenAgent&pid=630&i=08,26/10/2010 19:49:05
631,L3,Yes,"Chaperone licences","Chaperone service","Directgov - Child employment",http://www.direct.gov.uk/en/Parents/ParentsRights/DG_4002945,http://id.esd.org.uk/service/631,http://www.brent.gov.uk/brent/bnc.nsf/(getservice)?OpenAgent&pid=631&i=08,13/10/2010 20:43:43
640,L3,Yes,"Active recreation","Activities for older people","Directgov - Health and fitness",http://www.direct.gov.uk/en/Pensionsandretirementplanning/Over50HealthAndWellBeing/Healthandfitness/index.htm,http://id.esd.org.uk/service/640,http://www.brent.gov.uk/brent/bnc.nsf/(getservice)?OpenAgent&pid=640&i=08,25/10/2010 11:53:05
640,L3,Yes,"Active recreation","Activities for older people","NHS - Health and fitness",http://www.nhs.uk/livewell/fitness/Pages/Fitnesshome.aspx,http://id.esd.org.uk/service/640,http://www.brent.gov.uk/brent/bnc.nsf/(getservice)?OpenAgent&pid=640&i=08,25/10/2010 11:53:53
642,L3,Yes,"Activities for children","Young people's drop-in activities","Directgov - Sport and Leisure",http://www.direct.gov.uk/en/YoungPeople/DG_10016105,http://id.esd.org.uk/service/642,http://www.brent.gov.uk/brent/bnc.nsf/(getservice)?OpenAgent&pid=642&i=08,14/09/2010 12:00:12
644,L3,Yes,"Sports facilities","Sports facilities","Directgov - Sports facilities",http://www.direct.gov.uk/en/YoungPeople/DG_10016105,http://id.esd.org.uk/service/644,http://www.brent.gov.uk/brent/bnc.nsf/(getservice)?OpenAgent&pid=644&i=08,13/10/2010 20:39:32
651,L3,Yes,"Debt counselling","Debt counselling","Directgov - Managing debt",http://www.direct.gov.uk/en/MoneyTaxAndBenefits/ManagingDebt/index.htm,http://id.esd.org.uk/service/651,http://www.brent.gov.uk/brent/bnc.nsf/(getservice)?OpenAgent&pid=651&i=08,13/10/2010 20:41:34
652,L3,Yes,"Housing - information and advice","Housing - information and advice","Directgov - Council housing",http://www.direct.gov.uk/en/HomeAndCommunity/Councilandhousingassociationhomes/index.htm,http://id.esd.org.uk/service/652,http://www.brent.gov.uk/brent/bnc.nsf/(getservice)?OpenAgent&pid=652&i=08,26/10/2010 19:58:20
652,L3,Yes,"Housing - information and advice","Housing - information and advice","Directgov - Homelessness",http://www.direct.gov.uk/en/HomeAndCommunity/Councilandhousingassociationhomes/Findingsomewhere/DG_4001401,http://id.esd.org.uk/service/652,http://www.brent.gov.uk/brent/bnc.nsf/(getservice)?OpenAgent&pid=652&i=08,26/10/2010 19:57:30
654,L3,Yes,"Altering your property","Housing - alterations by tenants","Directgov - Altering your property",http://www.direct.gov.uk/en/HomeAndCommunity/Councilandhousingassociationhomes/Repairsandstandards/DG_188670,http://id.esd.org.uk/service/654,http://www.brent.gov.uk/brent/bnc.nsf/(getservice)?OpenAgent&pid=654&i=08,21/10/2010 19:19:09
655,L3,Yes,"Gypsy and traveller sites","Gypsy and traveller sites","Directgov - Travellers",http://www.direct.gov.uk/en/HomeAndCommunity/InYourHome/MobileHousing/DG_10030273,http://id.esd.org.uk/service/655,http://www.brent.gov.uk/brent/bnc.nsf/(getservice)?OpenAgent&pid=655&i=08,14/09/2010 12:00:05
663,L3,Yes,"Registration - copy certificates","Registration - copy certificates","Directgov - Birth, marriage and death certificates",http://www.direct.gov.uk/en/Governmentcitizensandrights/Registeringlifeevents/Familyhistoryandresearch/Birthmarriageanddeathcertificates/index.htm,http://id.esd.org.uk/service/663,http://www.brent.gov.uk/brent/bnc.nsf/(getservice)?OpenAgent&pid=663&i=08,19/10/2010 19:35:46
664,L3,Yes,"Blocked and leaking drains/sewers","Drainage - help and advice","Directgov - Drains and sewers",http://www.direct.gov.uk/en/HomeAndCommunity/WhereYouLive/Streetcleaninglitterandillegaldumping/DG_10026174,http://id.esd.org.uk/service/664,http://www.brent.gov.uk/brent/bnc.nsf/(getservice)?OpenAgent&pid=664&i=08,21/10/2010 19:24:52
684,L3,Yes,"Derelict properties - public safety","Derelict properties - public safety","Directgov - Derelict properties",http://www.direct.gov.uk/en/HomeAndCommunity/WhereYouLive/Derelictbuildingsandsquatters/DG_10030253,http://id.esd.org.uk/service/684,http://www.brent.gov.uk/brent/bnc.nsf/(getservice)?OpenAgent&pid=684&i=08,13/10/2010 21:22:32
691,L3,,"Smoke nuisance","Pollution control - clean air act approval","Directgov - Bonfires",http://www.direct.gov.uk/en/HomeAndCommunity/WhereYouLive/Streetcleaninglitterandillegaldumping/DG_4018684,http://id.esd.org.uk/service/691,http://www.brent.gov.uk/brent/bnc.nsf/(getservice)?OpenAgent&pid=691&i=08,14/09/2010 12:00:04
695,L3,,"Skip licences","Licence - skip operator","Directgov - Skip permit",http://www.direct.gov.uk/en/HomeAndCommunity/Planning/DoingWorkYourself/DG_10030945,http://id.esd.org.uk/service/695,http://www.brent.gov.uk/brent/bnc.nsf/(getservice)?OpenAgent&pid=695&i=08,23/09/2010 18:24:23
696,L3,,"Riding establishment licence","Licence - riding establishment","Directgov - Owning a horse",http://www.direct.gov.uk/en/HomeAndCommunity/InYourHome/AnimalsAndPets/DG_10038504,http://id.esd.org.uk/service/696,http://www.brent.gov.uk/brent/bnc.nsf/(getservice)?OpenAgent&pid=696&i=08,14/09/2010 12:00:07
699,L3,,"Zoo licence","Licence - zoo","Defra - Zoos",http://ww2.defra.gov.uk/wildlife-pets/zoos,http://id.esd.org.uk/service/699,http://www.brent.gov.uk/brent/bnc.nsf/(getservice)?OpenAgent&pid=699&i=08,07/10/2010 19:47:21
700,L3,Yes,"Advice for young people","Young people - information and advice","Directgov - Young people",http://www.direct.gov.uk/en/YoungPeople/index.htm,http://id.esd.org.uk/service/700,http://www.brent.gov.uk/brent/bnc.nsf/(getservice)?OpenAgent&pid=700&i=08,26/10/2010 19:43:05
701,L3,Yes,"Road adoption","Roads - adoption agreements","Directgov - Road adoption",http://www.direct.gov.uk/en/HomeAndCommunity/WhereYouLive/RoadsAndStreets/DG_10026089,http://id.esd.org.uk/service/701,http://www.brent.gov.uk/brent/bnc.nsf/(getservice)?OpenAgent&pid=701&i=08,29/09/2010 19:48:21
703,L3,Yes,"Major incidents","Civil emergencies - emergency plan","Directgov - Preparing for emergencies",http://www.direct.gov.uk/en/Governmentcitizensandrights/Dealingwithemergencies/Preparingforemergencies/index.htm,http://id.esd.org.uk/service/703,http://www.brent.gov.uk/brent/bnc.nsf/(getservice)?OpenAgent&pid=703&i=08,19/10/2010 21:05:48
705,L3,Yes,"Admissions","School admissions - appeals","Directgov - School admissions",http://www.direct.gov.uk/en/Parents/Schoolslearninganddevelopment/ChoosingASchool/DG_4016369,http://id.esd.org.uk/service/705,http://www.brent.gov.uk/brent/bnc.nsf/(getservice)?OpenAgent&pid=705&i=08,14/09/2010 11:59:55
716,L3,,"Houses in multiple occupancy","Homes in multiple occupancy - register","Directgov - HMO landlord obligations",http://www.direct.gov.uk/en/HomeAndCommunity/Privaterenting/Repairsandstandards/DG_189200,http://id.esd.org.uk/service/716,http://www.brent.gov.uk/brent/bnc.nsf/(getservice)?OpenAgent&pid=716&i=08,26/10/2010 19:35:16
722,L3,Yes,"Freedom of information requests","Freedom of Information - advice","Directgov - FOI",http://www.direct.gov.uk/en/Governmentcitizensandrights/Yourrightsandresponsibilities/DG_4003239,http://id.esd.org.uk/service/722,http://www.brent.gov.uk/brent/bnc.nsf/(getservice)?OpenAgent&pid=722&i=08,14/09/2010 12:00:00
726,L3,,"Benefit fraud investigation","Benefits - fraud investigation","Directgov - Benefit fraud",http://www.direct.gov.uk/en/MoneyTaxAndBenefits/BenefitsTaxCreditsAndOtherSupport/BenefitFraud/index.htm,http://id.esd.org.uk/service/726,http://www.brent.gov.uk/brent/bnc.nsf/(getservice)?OpenAgent&pid=726&i=08,14/09/2010 12:00:10
728,L3,,"Drug and alcohol support","Advocacy for social services clients","Directgov - Drugs and Alcohol",http://www.direct.gov.uk/en/HomeAndCommunity/InYourHome/SupportAtHome/DG_10030601,http://id.esd.org.uk/service/728,http://www.brent.gov.uk/brent/bnc.nsf/(getservice)?OpenAgent&pid=728&i=08,14/09/2010 12:00:09
734,L3,Yes,"Where to stay in Brent","Tourist accommodation","Directgov - Tourist accommodation",http://www.direct.gov.uk/en/HomeAndCommunity/LeisureandRecreation/DG_064858,http://id.esd.org.uk/service/734,http://www.brent.gov.uk/brent/bnc.nsf/(getservice)?OpenAgent&pid=734&i=08,13/10/2010 20:55:51
788,L3,Yes,"Animal health and welfare","Animal health and welfare","Directgov - Animal welfare",http://www.direct.gov.uk/en/HomeAndCommunity/InYourHome/AnimalsAndPets/DG_10025980,http://id.esd.org.uk/service/788,http://www.brent.gov.uk/brent/bnc.nsf/(getservice)?OpenAgent&pid=788&i=08,19/11/2010 20:11:43
802,L3,Yes,"Fire safety","Community fire safety","Directgov - Fire safety in the home",http://www.direct.gov.uk/en/HomeAndCommunity/InYourHome/FireSafety/DG_10030963,http://id.esd.org.uk/service/802,http://www.brent.gov.uk/brent/bnc.nsf/(getservice)?OpenAgent&pid=802&i=08,13/10/2010 20:51:30
812,L3,,"Health and safety in schools","School - fire safety education","Directgov - Pupil health and safety",http://www.direct.gov.uk/en/Parents/Schoolslearninganddevelopment/YourChildsWelfareAtSchool/DG_4016097,http://id.esd.org.uk/service/812,http://www.brent.gov.uk/brent/bnc.nsf/(getservice)?OpenAgent&pid=812&i=08,14/09/2010 11:59:56
826,L3,,"Data protection act","Data protection act","Directgov - Data protection",http://www.direct.gov.uk/en/Governmentcitizensandrights/Yourrightsandresponsibilities/Freedomofinformationanddataprotection/DG_10031451,http://id.esd.org.uk/service/826,http://www.brent.gov.uk/brent/bnc.nsf/(getservice)?OpenAgent&pid=826&i=08,05/04/2011 14:15:48
828,L3,,"Procurement","Procurement - contracts lists","Business Link - Selling to government",http://www.businesslink.gov.uk/bdotg/action/detail?r.lc=en&type=RESOURCES&itemId=1073792570,http://id.esd.org.uk/service/828,http://www.brent.gov.uk/brent/bnc.nsf/(getservice)?OpenAgent&pid=828&i=08,09/11/2010 13:13:34
833,L3,,"Going home from hospital","Hospitalisation - help returning home","Directgov - Support after leaving hospital",http://www.direct.gov.uk/en/DisabledPeople/HealthAndSupport/Hospitals/DG_4000456,http://id.esd.org.uk/service/833,http://www.brent.gov.uk/brent/bnc.nsf/(getservice)?OpenAgent&pid=833&i=08,22/10/2010 09:33:46
833,L3,,"Going home from hospital","Hospitalisation - help returning home","NHS - Leaving hospital",http://www.nhs.uk/NHSEngland/AboutNHSservices/NHShospitals/Pages/leaving-hospital.aspx,http://id.esd.org.uk/service/833,http://www.brent.gov.uk/brent/bnc.nsf/(getservice)?OpenAgent&pid=833&i=08,22/10/2010 10:40:15
836,L3,,"Referral orders","Referral orders","Directgov - Community sentencing",http://www.direct.gov.uk/en/YoungPeople/CrimeAndJustice/CrimeAndTheLaw/DG_10028367,http://id.esd.org.uk/service/836,http://www.brent.gov.uk/brent/bnc.nsf/(getservice)?OpenAgent&pid=836&i=08,28/10/2010 20:04:37
838,L3,Yes,"Arts, events and festivals","Arts - information and advice","Directgov - Arts events",http://www.direct.gov.uk/en/HomeAndCommunity/LeisureandRecreation/DG_064864,http://id.esd.org.uk/service/838,http://www.brent.gov.uk/brent/bnc.nsf/(getservice)?OpenAgent&pid=838&i=08,19/11/2010 20:18:49
850,L3,Yes,"Hazardous waste collection","Hazardous waste collection","Directgov - Hazardous waste disposal",http://www.direct.gov.uk/en/Environmentandgreenerliving/Wasteandrecycling/DG_10014614,http://id.esd.org.uk/service/850,http://www.brent.gov.uk/brent/bnc.nsf/(getservice)?OpenAgent&pid=850&i=08,13/10/2010 20:48:31
859,L3,Yes,"Household waste - clinical waste","Household waste - clinical waste","Directgov - Clinical waste",http://www.direct.gov.uk/en/HomeAndCommunity/InYourHome/SupportAtHome/DG_10030601,http://id.esd.org.uk/service/859,http://www.brent.gov.uk/brent/bnc.nsf/(getservice)?OpenAgent&pid=859&i=08,26/10/2010 15:07:51
867,L3,Yes,"Consultation tracker","Consultation - service delivery","Directgov - Consultations",http://www.direct.gov.uk/en/Governmentcitizensandrights/UKgovernment/PublicConsultations/DG_4001625,http://id.esd.org.uk/service/867,http://www.brent.gov.uk/brent/bnc.nsf/(getservice)?OpenAgent&pid=867&i=08,26/10/2010 15:08:05
876,L3,Yes,"Civil partnerships","Civil partnerships","Directgov - Civil partnerships",http://www.direct.gov.uk/en/Governmentcitizensandrights/Yourrightsandresponsibilities/DG_10026937,http://id.esd.org.uk/service/876,http://www.brent.gov.uk/brent/bnc.nsf/(getservice)?OpenAgent&pid=876&i=08,07/10/2010 19:52:36
888,L3,,"Paying for childcare","Education - early years grant","Directgov - Childcare benefits",http://www.direct.gov.uk/en/Parents/Childcare/DG_4016029,http://id.esd.org.uk/service/888,http://www.brent.gov.uk/brent/bnc.nsf/(getservice)?OpenAgent&pid=888&i=08,14/09/2010 12:00:09
889,L3,,"Healthy eating for children","School - health promotion","NHS - Healthy eating",http://www.nhs.uk/livewell/healthy-eating/Pages/Healthyeating.aspx,http://id.esd.org.uk/service/889,http://www.brent.gov.uk/brent/bnc.nsf/(getservice)?OpenAgent&pid=889&i=08,25/10/2010 11:46:18
1050,L3,,"Brent Music Service","Musical instrument hire","Directgov - Children and the arts",http://www.direct.gov.uk/en/Parents/Familyleisureandrecreation/DG_172801,http://id.esd.org.uk/service/1050,http://www.brent.gov.uk/brent/bnc.nsf/(getservice)?OpenAgent&pid=1050&i=08,14/09/2010 11:59:56
1057,L3,,"Planning searches","Planning area search service","Directgov - Planning applications",http://www.direct.gov.uk/en/HomeAndCommunity/Planning/PlanningPermission/DG_4018105,http://id.esd.org.uk/service/1057,http://www.brent.gov.uk/brent/bnc.nsf/(getservice)?OpenAgent&pid=1057&i=08,08/11/2010 10:39:27
1116,L3,Yes,"Youth opportunity fund","Youth opportunity fund","Directgov - Youth Fund application",http://www.direct.gov.uk/en/YoungPeople/Youthfunds/DG_067060,http://id.esd.org.uk/service/1116,http://www.brent.gov.uk/brent/bnc.nsf/(getservice)?OpenAgent&pid=1116&i=08,21/10/2010 19:31:05
1134,L3,,"Gambling licences","Licence - gambling premises","Directgov - Licences",http://www.direct.gov.uk/en/Hl1/Help/DG_064158,http://id.esd.org.uk/service/1134,http://www.brent.gov.uk/brent/bnc.nsf/(getservice)?OpenAgent&pid=1134&i=08,14/09/2010 12:00:00
1140,L3,,"School closures","School - closures","Directgov - School closures",http://www.direct.gov.uk/en/Nl1/Newsroom/DG_174618,http://id.esd.org.uk/service/1140,http://www.brent.gov.uk/brent/bnc.nsf/(getservice)?OpenAgent&pid=1140&i=08,19/11/2010 19:20:04
10010,L3,,"Partnerships","Partnerships","LGID - Partnerships",http://www.idea.gov.uk/idk/core/page.do?pageId=1174195,http://id.esd.org.uk/service/10010,http://www.brent.gov.uk/brent/bnc.nsf/(getservice)?OpenAgent&pid=10010&i=08,30/09/2010 12:02:46
100001,L1,,"Advice and benefits","Advice and benefits","NHS Choices",http://www.nhs.uk,http://id.esd.org.uk/serviceGroup/100001,http://www.brent.gov.uk/home.nsf/Pages/LBB-1?OpenDocument&pid=100001,14/09/2010 11:59:44
100001,L1,,"Advice and benefits","Advice and benefits","Directgov",http://www.direct.gov.uk,http://id.esd.org.uk/serviceGroup/100001,http://www.brent.gov.uk/home.nsf/Pages/LBB-1?OpenDocument&pid=100001,14/09/2010 11:59:43
100002,L1,,"Business","Business","Business Link",http://www.businesslink.gov.uk,http://id.esd.org.uk/serviceGroup/100002,http://www.brent.gov.uk/home.nsf/Pages/LBB-1?OpenDocument&pid=100002,14/09/2010 11:59:33
100004,L1,,"Council and democracy","Council and democracy","Directgov - Local Government",http://www.direct.gov.uk/en/Governmentcitizensandrights/UKgovernment/Localgovernment/index.htm,http://id.esd.org.uk/serviceGroup/100004,http://www.brent.gov.uk/home.nsf/Pages/LBB-1?OpenDocument&pid=100004,14/09/2010 11:59:33
100004,L1,,"Council and democracy","Council and democracy","Directgov - Council services",http://www.direct.gov.uk/en/HomeAndCommunity/YourlocalcouncilandCouncilTax/YourCommunity/index.htm,http://id.esd.org.uk/serviceGroup/100004,http://www.brent.gov.uk/home.nsf/Pages/LBB-1?OpenDocument&pid=100004,14/09/2010 11:59:34
100005,L1,,"Education and learning","Education and learning","Directgov - Education and learning",http://www.direct.gov.uk/en/EducationAndLearning/index.htm,http://id.esd.org.uk/serviceGroup/100005,http://www.brent.gov.uk/home.nsf/Pages/LBB-1?OpenDocument&pid=100005,26/10/2010 19:06:24
100006,L1,,"Environment and planning","Environment and planning","Directgov - Environment",http://www.direct.gov.uk/en/Environmentandgreenerliving/index.htm,http://id.esd.org.uk/serviceGroup/100006,http://www.brent.gov.uk/home.nsf/Pages/LBB-1?OpenDocument&pid=100006,14/09/2010 11:59:33
100007,L1,,"Housing","Housing","Directgov - Home & Community",http://www.direct.gov.uk/en/HomeAndCommunity/index.htm,http://id.esd.org.uk/serviceGroup/100007,http://www.brent.gov.uk/home.nsf/Pages/LBB-1?OpenDocument&pid=100007,14/09/2010 11:59:33
100008,L1,,"Jobs and careers","Jobs and careers","Directgov - Employment",http://www.direct.gov.uk/en/Employment/index.htm,http://id.esd.org.uk/serviceGroup/100008,http://www.brent.gov.uk/home.nsf/Pages/LBB-1?OpenDocument&pid=100008,14/09/2010 11:59:34
100008,L1,,"Jobs and careers","Jobs and careers","Directgov - Education",http://www.direct.gov.uk/en/EducationAndLearning/index.htm,http://id.esd.org.uk/serviceGroup/100008,http://www.brent.gov.uk/home.nsf/Pages/LBB-1?OpenDocument&pid=100008,14/09/2010 11:59:34
100009,L1,,"Leisure and culture","Leisure and culture","Directgov - Leisure",http://www.direct.gov.uk/en/HomeAndCommunity/LeisureandRecreation/index.htm,http://id.esd.org.uk/serviceGroup/100009,http://www.brent.gov.uk/home.nsf/Pages/LBB-1?OpenDocument&pid=100009,14/09/2010 11:59:44
100010,L1,,"Health and social care","Health and social care","NHS Choices",http://www.nhs.uk,http://id.esd.org.uk/serviceGroup/100010,http://www.brent.gov.uk/home.nsf/Pages/LBB-1?OpenDocument&pid=100010,14/09/2010 11:59:32
100010,L1,,"Health and social care","Health and social care","Directgov - Health",http://www.direct.gov.uk/en/HealthAndWellBeing/index.htm,http://id.esd.org.uk/serviceGroup/100010,http://www.brent.gov.uk/home.nsf/Pages/LBB-1?OpenDocument&pid=100010,14/09/2010 11:59:32
100010,L1,,"Health and social care","Health and social care","Directgov - Education",http://www.direct.gov.uk/en/EducationAndLearning/index.htm,http://id.esd.org.uk/serviceGroup/100010,http://www.brent.gov.uk/home.nsf/Pages/LBB-1?OpenDocument&pid=100010,14/09/2010 11:59:33
100010,L1,,"Health and social care","Health and social care","Directgov - Older people",http://www.direct.gov.uk/en/Pensionsandretirementplanning/index.htm,http://id.esd.org.uk/serviceGroup/100010,http://www.brent.gov.uk/home.nsf/Pages/LBB-1?OpenDocument&pid=100010,14/09/2010 11:59:34
100010,L1,,"Health and social care","Health and social care","Directgov - Young people",http://www.direct.gov.uk/en/YoungPeople/index.htm,http://id.esd.org.uk/serviceGroup/100010,http://www.brent.gov.uk/home.nsf/Pages/LBB-1?OpenDocument&pid=100010,14/09/2010 11:59:37
100011,L1,,"Transport and streets","Transport and streets","Car clubs",http://www.brent.gov.uk/transportation.nsf/pages/LBB-28,http://id.esd.org.uk/serviceGroup/100011,http://www.brent.gov.uk/home.nsf/Pages/LBB-1?OpenDocument&pid=100011,19/07/2011 13:49:09
200001,L2,,"Abandoned vehicles","Abandoned vehicles","Directgov - abandoned vehicles",http://www.direct.gov.uk/en/HomeAndCommunity/WhereYouLive/Streetcleaninglitterandillegaldumping/DG_4001703,http://id.esd.org.uk/serviceGroup/200001,http://www.brent.gov.uk/home.nsf/pages/lbb-2?opendocument&pid=200001,14/09/2010 11:59:38
200004,L2,,"Adult education","Adult and community education","Directgov - Adult learning",http://www.direct.gov.uk/en/EducationAndLearning/AdultLearning/index.htm,http://id.esd.org.uk/serviceGroup/200004,http://www.brent.gov.uk/home.nsf/pages/lbb-2?opendocument&pid=200004,14/09/2010 11:59:53
200006,L2,,"Arts","Arts and entertainment","Arts Development Strategy 2011 to 2015",http://www.brent.gov.uk/stratp.nsf/Pages/LBB-167,http://id.esd.org.uk/serviceGroup/200006,http://www.brent.gov.uk/home.nsf/pages/lbb-2?opendocument&pid=200006,22/12/2011 14:19:15
200006,L2,,"Arts","Arts and entertainment","Cultural Strategy 2010 to 2015",http://www.brent.gov.uk/stratp.nsf/Pages/LBB-136,http://id.esd.org.uk/serviceGroup/200006,http://www.brent.gov.uk/home.nsf/pages/lbb-2?opendocument&pid=200006,22/12/2011 14:20:33
200006,L2,,"Arts","Arts and entertainment","Arts and festivals consultation results",http://www.brent.gov.uk/arts.nsf/pages/LBB-138,http://id.esd.org.uk/serviceGroup/200006,http://www.brent.gov.uk/home.nsf/pages/lbb-2?opendocument&pid=200006,06/07/2011 14:20:40
200007,L2,,"Asylum and immigration","Asylum and immigration","Directgov - nationality",http://www.direct.gov.uk/en/Governmentcitizensandrights/LivingintheUK/DG_10015894,http://id.esd.org.uk/serviceGroup/200007,http://www.brent.gov.uk/home.nsf/pages/lbb-2?opendocument&pid=200007,14/09/2010 11:59:36
200008,L2,,"Benefits","Benefits","Financial hardship advice",http://www.brent.gov.uk/misc.nsf/Pages/LBB-33,http://id.esd.org.uk/serviceGroup/200008,http://www.brent.gov.uk/home.nsf/pages/lbb-2?opendocument&pid=200008,27/10/2011 15:39:10
200008,L2,,"Benefits","Benefits","Benefits checker from Turn 2 Us",http://www.turn2us.org.uk/benefits_search.aspx,http://id.esd.org.uk/serviceGroup/200008,http://www.brent.gov.uk/home.nsf/pages/lbb-2?opendocument&pid=200008,27/10/2011 15:39:40
200008,L2,,"Benefits","Benefits","Directgov - Benefits",http://www.direct.gov.uk/en/MoneyTaxAndBenefits/BenefitsTaxCreditsAndOtherSupport/index.htm,http://id.esd.org.uk/serviceGroup/200008,http://www.brent.gov.uk/home.nsf/pages/lbb-2?opendocument&pid=200008,14/09/2010 11:59:37
200010,L2,,"Births","Births","Directgov - Birth records",http://www.direct.gov.uk/en/Governmentcitizensandrights/Registeringlifeevents/Birthandadoptionrecords/index.htm,http://id.esd.org.uk/serviceGroup/200010,http://www.brent.gov.uk/home.nsf/pages/lbb-2?opendocument&pid=200010,14/09/2010 11:59:34
200011,L2,,"Building control","Building control","Directgov - Building regulations",http://www.direct.gov.uk/en/HomeAndCommunity/Planning/BuildingRegulations/index.htm,http://id.esd.org.uk/serviceGroup/200011,http://www.brent.gov.uk/home.nsf/pages/lbb-2?opendocument&pid=200011,14/09/2010 11:59:42
200014,L2,,"Careers advice","Careers advice","Directgov - Careers advice",http://careersadvice.direct.gov.uk/,http://id.esd.org.uk/serviceGroup/200014,http://www.brent.gov.uk/home.nsf/pages/lbb-2?opendocument&pid=200014,14/09/2010 11:59:44
200015,L2,,"Carers","Carers","Directgov - Caring for someone",http://www.direct.gov.uk/en/CaringForSomeone/index.htm,http://id.esd.org.uk/serviceGroup/200015,http://www.brent.gov.uk/home.nsf/pages/lbb-2?opendocument&pid=200015,25/10/2010 11:50:07
200015,L2,,"Carers","Carers","NHS - Carers",http://www.nhs.uk/carersdirect/Pages/CarersDirectHome.aspx,http://id.esd.org.uk/serviceGroup/200015,http://www.brent.gov.uk/home.nsf/pages/lbb-2?opendocument&pid=200015,25/10/2010 11:49:20
200017,L2,,"Children and family care","Children and family care","Directgov - Parents",http://www.direct.gov.uk/en/Parents/index.htm,http://id.esd.org.uk/serviceGroup/200017,http://www.brent.gov.uk/home.nsf/pages/lbb-2?opendocument&pid=200017,14/09/2010 11:59:36
200017,L2,,"Children and family care","Children and family care","NHS - Child health",http://www.nhs.uk/LiveWell/Childhealth6-15/Pages/Childhealth615home.aspx,http://id.esd.org.uk/serviceGroup/200017,http://www.brent.gov.uk/home.nsf/pages/lbb-2?opendocument&pid=200017,25/10/2010 12:38:42
200020,L2,,"Community advice","Community advice","Directgov - Getting involved",http://www.direct.gov.uk/en/HomeAndCommunity/Gettinginvolvedinyourcommunity/index.htm,http://id.esd.org.uk/serviceGroup/200020,http://www.brent.gov.uk/home.nsf/pages/lbb-2?opendocument&pid=200020,14/09/2010 11:59:47
200022,L2,,"Community transport services","Community transport services","Directgov - Public transport",http://www.direct.gov.uk/en/DisabledPeople/MotoringAndTransport/PublicAndCommunityTransport/index.htm,http://id.esd.org.uk/serviceGroup/200022,http://www.brent.gov.uk/home.nsf/pages/lbb-2?opendocument&pid=200022,14/09/2010 11:59:42
200027,L2,,"Council housing","Council housing","Directgov - Council Housing",http://www.direct.gov.uk/en/HomeAndCommunity/Councilandhousingassociationhomes/Councilhousing/index.htm,http://id.esd.org.uk/serviceGroup/200027,http://www.brent.gov.uk/home.nsf/pages/lbb-2?opendocument&pid=200027,14/09/2010 11:59:47
200028,L2,,"Council tax","Council tax","Directgov - Council Tax",http://www.direct.gov.uk/en/HomeAndCommunity/YourlocalcouncilandCouncilTax/CouncilTax/index.htm,http://id.esd.org.uk/serviceGroup/200028,http://www.brent.gov.uk/home.nsf/pages/lbb-2?opendocument&pid=200028,14/09/2010 11:59:34
200031,L2,,"Data protection and freedom of information","Data protection and freedom of information","Directgov - DPA",http://www.direct.gov.uk/en/Governmentcitizensandrights/Yourrightsandresponsibilities/DG_10031451,http://id.esd.org.uk/serviceGroup/200031,http://www.brent.gov.uk/home.nsf/pages/lbb-2?opendocument&pid=200031,14/09/2010 11:59:46
200031,L2,,"Data protection and freedom of information","Data protection and freedom of information","Directgov - FOI",http://www.direct.gov.uk/en/Governmentcitizensandrights/Yourrightsandresponsibilities/DG_4003239,http://id.esd.org.uk/serviceGroup/200031,http://www.brent.gov.uk/home.nsf/pages/lbb-2?opendocument&pid=200031,14/09/2010 11:59:47
200031,L2,,"Data protection and freedom of information","Data protection and freedom of information","Information Commissioners Office",http://www.ico.gov.uk,http://id.esd.org.uk/serviceGroup/200031,http://www.brent.gov.uk/home.nsf/pages/lbb-2?opendocument&pid=200031,14/09/2010 11:59:38
200032,L2,,"Deaths, funerals and cremations","Deaths, funerals and cremations","Directgov - End of life",http://www.direct.gov.uk/en/Pensionsandretirementplanning/EndOfLife/index.htm,http://id.esd.org.uk/serviceGroup/200032,http://www.brent.gov.uk/home.nsf/pages/lbb-2?opendocument&pid=200032,14/09/2010 11:59:34
200032,L2,,"Deaths, funerals and cremations","Deaths, funerals and cremations","NHS - End of life",http://www.nhs.uk/CarersDirect/guide/bereavement/Pages/Overview.aspx,http://id.esd.org.uk/serviceGroup/200032,http://www.brent.gov.uk/home.nsf/pages/lbb-2?opendocument&pid=200032,14/09/2010 11:59:38
200033,L1,,"Councillors, democracy and elections","Councillors, democracy and elections","Directgov - Local Government",http://www.direct.gov.uk/en/Governmentcitizensandrights/UKgovernment/Localgovernment/index.htm,http://id.esd.org.uk/serviceGroup/200033,http://www.brent.gov.uk/home.nsf/Pages/LBB-1?OpenDocument&pid=200033,14/09/2010 11:59:46
200033,L1,,"Councillors, democracy and elections","Councillors, democracy and elections","Directgov - Councillors",http://www.direct.gov.uk/en/Governmentcitizensandrights/UKgovernment/Localgovernment/DG_073312,http://id.esd.org.uk/serviceGroup/200033,http://www.brent.gov.uk/home.nsf/Pages/LBB-1?OpenDocument&pid=200033,14/09/2010 11:59:46
200033,L1,,"Councillors, democracy and elections","Councillors, democracy and elections","Directgov - Local elections",http://www.direct.gov.uk/en/Governmentcitizensandrights/UKgovernment/Politicalpartiesandelections/DG_073243,http://id.esd.org.uk/serviceGroup/200033,http://www.brent.gov.uk/home.nsf/Pages/LBB-1?OpenDocument&pid=200033,14/09/2010 11:59:46
200033,L1,,"Councillors, democracy and elections","Councillors, democracy and elections","Directgov - Citizenship",http://www.direct.gov.uk/en/Governmentcitizensandrights/LivingintheUK/DG_10015894,http://id.esd.org.uk/serviceGroup/200033,http://www.brent.gov.uk/home.nsf/Pages/LBB-1?OpenDocument&pid=200033,14/09/2010 11:59:46
200034,L2,,"Disabilities","Disabilities","Directgov - Disabled people",http://www.direct.gov.uk/en/DisabledPeople/index.htm,http://id.esd.org.uk/serviceGroup/200034,http://www.brent.gov.uk/home.nsf/pages/lbb-2?opendocument&pid=200034,14/09/2010 11:59:42
200034,L2,,"Disabilities","Disabilities","NHS - disability",http://www.nhs.uk/livewell/disability/Pages/Disabilityhome.aspx,http://id.esd.org.uk/serviceGroup/200034,http://www.brent.gov.uk/home.nsf/pages/lbb-2?opendocument&pid=200034,14/09/2010 11:59:35
200035,L2,,"Doctors, GPs and hospitals","Doctors, GPs and hospitals","NHS - hospitals",http://www.nhs.uk/NHSEngland/AboutNHSservices/NHShospitals/Pages/HospitalsSummary.aspx,http://id.esd.org.uk/serviceGroup/200035,http://www.brent.gov.uk/home.nsf/pages/lbb-2?opendocument&pid=200035,14/09/2010 11:59:35
200035,L2,,"Doctors, GPs and hospitals","Doctors, GPs and hospitals","NHS - doctors/GPs",http://www.nhs.uk/nhsengland/aboutnhsservices/pages/doctorssummary.aspx,http://id.esd.org.uk/serviceGroup/200035,http://www.brent.gov.uk/home.nsf/pages/lbb-2?opendocument&pid=200035,14/09/2010 11:59:35
200035,L2,,"Doctors, GPs and hospitals","Doctors, GPs and hospitals","Maps - nearest doctor, dentist, hospital",http://www.brent.gov.uk/maps,http://id.esd.org.uk/serviceGroup/200035,http://www.brent.gov.uk/home.nsf/pages/lbb-2?opendocument&pid=200035,14/09/2010 11:59:35
200039,L2,,"Emergencies","Emergencies","Directgov - Emergencies",http://www.direct.gov.uk/en/Governmentcitizensandrights/Dealingwithemergencies/index.htm,http://id.esd.org.uk/serviceGroup/200039,http://www.brent.gov.uk/home.nsf/pages/lbb-2?opendocument&pid=200039,14/09/2010 11:59:47
200041,L2,,"Equality and diversity","Equality and diversity","Directgov - Discrimination",http://www.direct.gov.uk/en/Governmentcitizensandrights/Yourrightsandresponsibilities/DG_10014458,http://id.esd.org.uk/serviceGroup/200041,http://www.brent.gov.uk/home.nsf/pages/lbb-2?opendocument&pid=200041,14/09/2010 11:59:53
200041,L2,,"Equality and diversity","Equality and diversity","Equality and Human Rights Commission",http://www.equalityhumanrights.com,http://id.esd.org.uk/serviceGroup/200041,http://www.brent.gov.uk/home.nsf/pages/lbb-2?opendocument&pid=200041,14/09/2010 11:59:44
200045,L2,,"Food businesses","Food","Business Link - Food & drink",http://www.businesslink.gov.uk/bdotg/action/layer?r.s=tl&r.l1=1081597476&r.lc=en&topicId=1084738701,http://id.esd.org.uk/serviceGroup/200045,http://www.brent.gov.uk/home.nsf/pages/lbb-2?opendocument&pid=200045,14/09/2010 11:59:37
200046,L2,,"Adopting, Fostering, and looked after children","Fostering, adopting and looked after children","Directgov - adoption and fostering",http://www.direct.gov.uk/en/Parents/Adoptionfosteringandchildrenincare/index.htm,http://id.esd.org.uk/serviceGroup/200046,http://www.brent.gov.uk/home.nsf/pages/lbb-2?opendocument&pid=200046,14/09/2010 11:59:36
200047,L2,,"Grants","Grants","Business Link - Grants",http://www.businesslink.gov.uk/bdotg/action/layer?r.s=m&r.lc=en&topicId=1073858790&r.i=1075328341&r.t=LICENCE,http://id.esd.org.uk/serviceGroup/200047,http://www.brent.gov.uk/home.nsf/pages/lbb-2?opendocument&pid=200047,14/09/2010 11:59:48
200047,L2,,"Grants","Grants","Directgov - Grants",http://www.direct.gov.uk/en/Hl1/Help/YourQuestions/DG_10027120,http://id.esd.org.uk/serviceGroup/200047,http://www.brent.gov.uk/home.nsf/pages/lbb-2?opendocument&pid=200047,14/09/2010 11:59:37
200049,L2,,"Health and safety","Health and safety","Business Link - Health & Safety",http://www.businesslink.gov.uk/bdotg/action/layer?r.s=m&r.l1=1073858790&r.lc=en&topicId=1073858799,http://id.esd.org.uk/serviceGroup/200049,http://www.brent.gov.uk/home.nsf/pages/lbb-2?opendocument&pid=200049,14/09/2010 11:59:48
200049,L2,,"Health and safety","Health and safety","Health & Safety Executive (HSE)",http://www.hse.gov.uk,http://id.esd.org.uk/serviceGroup/200049,http://www.brent.gov.uk/home.nsf/pages/lbb-2?opendocument&pid=200049,14/09/2010 11:59:33
200050,L2,,"Help for adults","Help for adults","Directgov - adult learning",http://www.direct.gov.uk/en/EducationAndLearning/AdultLearning/index.htm,http://id.esd.org.uk/serviceGroup/200050,http://www.brent.gov.uk/home.nsf/pages/lbb-2?opendocument&pid=200050,14/09/2010 11:59:37
200050,L2,,"Help for adults","Help for adults","NHS - Older people",http://www.nhs.uk/nhsengland/nsf/pages/olderpeople.aspx,http://id.esd.org.uk/serviceGroup/200050,http://www.brent.gov.uk/home.nsf/pages/lbb-2?opendocument&pid=200050,25/10/2010 11:47:40
200052,L2,,"Housing advice","Housing advice","Directgov - Council housing",http://www.direct.gov.uk/en/HomeAndCommunity/Councilandhousingassociationhomes/index.htm,http://id.esd.org.uk/serviceGroup/200052,http://www.brent.gov.uk/home.nsf/pages/lbb-2?opendocument&pid=200052,14/10/2010 18:57:20
200052,L2,,"Housing advice","Housing advice","Directgov - Home ownership",http://www.direct.gov.uk/en/HomeAndCommunity/BuyingAndSellingYourHome/index.htm,http://id.esd.org.uk/serviceGroup/200052,http://www.brent.gov.uk/home.nsf/pages/lbb-2?opendocument&pid=200052,14/10/2010 18:59:23
200052,L2,,"Housing advice","Housing advice","Directgov - Private renting",http://www.direct.gov.uk/en/HomeAndCommunity/Councilandhousingassociationhomes/Housingassociationhomes/index.htm,http://id.esd.org.uk/serviceGroup/200052,http://www.brent.gov.uk/home.nsf/pages/lbb-2?opendocument&pid=200052,14/10/2010 18:56:16
200053,L2,,"Housing associations and co-ops","Housing associations and co-ops","Directgov - Housing associations",http://www.direct.gov.uk/en/HomeAndCommunity/Councilandhousingassociationhomes/Housingassociationhomes/index.htm,http://id.esd.org.uk/serviceGroup/200053,http://www.brent.gov.uk/home.nsf/pages/lbb-2?opendocument&pid=200053,14/09/2010 11:59:50
200055,L2,,"Improvements and repairs","Improvements and repairs","Directgov - Repairs",http://www.direct.gov.uk/en/HomeAndCommunity/Councilandhousingassociationhomes/Repairsandstandards/index.htm,http://id.esd.org.uk/serviceGroup/200055,http://www.brent.gov.uk/home.nsf/pages/lbb-2?opendocument&pid=200055,14/09/2010 11:59:50
200056,L2,,"Infectious diseases","Infectious diseases","NHS - search "infectious"",http://www.nhs.uk/Search/Pages/Results.aspx?q=Infectious,http://id.esd.org.uk/serviceGroup/200056,http://www.brent.gov.uk/home.nsf/pages/lbb-2?opendocument&pid=200056,14/09/2010 11:59:35
200058,L2,,"Jobs","Jobs","Directgov - Job seekers",http://www.direct.gov.uk/en/Employment/Jobseekers/index.htm,http://id.esd.org.uk/serviceGroup/200058,http://www.brent.gov.uk/home.nsf/pages/lbb-2?opendocument&pid=200058,14/09/2010 11:59:52
200061,L2,,"Legal advice","Legal advice","Directgov - Legal Aid",http://www.direct.gov.uk/en/Hl1/Help/YourQuestions/DG_10013050,http://id.esd.org.uk/serviceGroup/200061,http://www.brent.gov.uk/home.nsf/pages/lbb-2?opendocument&pid=200061,14/09/2010 11:59:38
200062,L2,,"Libraries","Libraries","Libraries transformation project",http://www.brent.gov.uk/librariestransform.nsf,http://id.esd.org.uk/serviceGroup/200062,http://www.brent.gov.uk/home.nsf/pages/lbb-2?opendocument&pid=200062,21/10/2011 09:45:45
200062,L2,,"Libraries","Libraries","Brent libraries on Facebook",http://www.facebook.com/lovebrentlibraries,http://id.esd.org.uk/serviceGroup/200062,http://www.brent.gov.uk/home.nsf/pages/lbb-2?opendocument&pid=200062,07/04/2011 14:13:55
200062,L2,,"Libraries","Libraries","Brent libraries on Twitter",http://twitter.com/brentlibraries,http://id.esd.org.uk/serviceGroup/200062,http://www.brent.gov.uk/home.nsf/pages/lbb-2?opendocument&pid=200062,07/04/2011 14:14:28
200062,L2,,"Libraries","Libraries","Directgov - Libraries",http://www.direct.gov.uk/en/HomeAndCommunity/YourlocalcouncilandCouncilTax/YourCommunity/DG_4018790,http://id.esd.org.uk/serviceGroup/200062,http://www.brent.gov.uk/home.nsf/pages/lbb-2?opendocument&pid=200062,14/09/2010 12:00:05
200063,L2,,"Licences and street trading","Licences and street trading","Business Link - Licences",http://online.businesslink.gov.uk/bdotg/action/sectorsSIMLandingPage?r.l1=1081597476&r.lc=en&r.l2=1084738701,http://id.esd.org.uk/serviceGroup/200063,http://www.brent.gov.uk/home.nsf/pages/lbb-2?opendocument&pid=200063,14/09/2010 11:59:50
200065,L2,,"Marine and waterway services","Marine and waterway services","Directgov - Waterways",http://www.direct.gov.uk/en/TravelAndTransport/Boatingandtravellingbywater/RiversAndWaterways/index.htm,http://id.esd.org.uk/serviceGroup/200065,http://www.brent.gov.uk/home.nsf/pages/lbb-2?opendocument&pid=200065,14/09/2010 11:59:39
200067,L2,,"Marriages & civil partnerships","Marriages","Directgov - Marriages",http://www.direct.gov.uk/en/Governmentcitizensandrights/Yourrightsandresponsibilities/DG_10026937,http://id.esd.org.uk/serviceGroup/200067,http://www.brent.gov.uk/home.nsf/pages/lbb-2?opendocument&pid=200067,14/09/2010 11:59:47
200069,L2,,"Houses in multiple occupation","Multiple occupancy homes","Directgov - HMO landlord obligations",http://www.direct.gov.uk/en/HomeAndCommunity/Privaterenting/Repairsandstandards/DG_189200,http://id.esd.org.uk/serviceGroup/200069,http://www.brent.gov.uk/home.nsf/pages/lbb-2?opendocument&pid=200069,26/10/2010 19:30:25
200069,L2,,"Houses in multiple occupation","Multiple occupancy homes","Directgov - HMO licensing",http://www.direct.gov.uk/en/HomeAndCommunity/Privaterenting/Repairsandstandards/DG_189201,http://id.esd.org.uk/serviceGroup/200069,http://www.brent.gov.uk/home.nsf/pages/lbb-2?opendocument&pid=200069,26/10/2010 19:31:14
200070,L2,,"Museums and Archives","Museums and galleries","Brent Museum and Archives blog",http://brentmuseumandarchives.wordpress.com/,http://id.esd.org.uk/serviceGroup/200070,http://www.brent.gov.uk/home.nsf/pages/lbb-2?opendocument&pid=200070,30/06/2011 12:20:24
200072,L2,,"Parking","Parking","Directgov - Parking fines",http://www.direct.gov.uk/en/TravelAndTransport/Usingmotorwaysandroads/Wholooksafterourroadsandmotorways/DG_10036664,http://id.esd.org.uk/serviceGroup/200072,http://www.brent.gov.uk/home.nsf/pages/lbb-2?opendocument&pid=200072,14/09/2010 11:59:40
200072,L2,,"Parking","Parking","Directgov - Parking permits",http://www.direct.gov.uk/en/HomeAndCommunity/WhereYouLive/StreetsParkingCleaningAndLighting/DG_10025971,http://id.esd.org.uk/serviceGroup/200072,http://www.brent.gov.uk/home.nsf/pages/lbb-2?opendocument&pid=200072,14/09/2010 11:59:40
200072,L2,,"Parking","Parking","Car clubs",http://www.brent.gov.uk/transportation.nsf/pages/LBB-28,http://id.esd.org.uk/serviceGroup/200072,http://www.brent.gov.uk/home.nsf/pages/lbb-2?opendocument&pid=200072,19/07/2011 13:50:40
200073,L2,,"Parks and open spaces","Parks and open spaces","Directgov - Parks",http://www.direct.gov.uk/en/Environmentandgreenerliving/Greenertravel/Enjoyingthecountryside/DG_064868,http://id.esd.org.uk/serviceGroup/200073,http://www.brent.gov.uk/home.nsf/pages/lbb-2?opendocument&pid=200073,14/09/2010 11:59:46
200074,L2,,"Planning","Planning","Directgov - Planning",http://www.direct.gov.uk/en/HomeAndCommunity/Planning/PlanningPermission/index.htm,http://id.esd.org.uk/serviceGroup/200074,http://www.brent.gov.uk/home.nsf/pages/lbb-2?opendocument&pid=200074,14/09/2010 11:59:48
200075,L2,,"Pollution","Pollution","Directgov - Pollution",http://www.direct.gov.uk/en/Environmentandgreenerliving/Thewiderenvironment/Pollution/index.htm,http://id.esd.org.uk/serviceGroup/200075,http://www.brent.gov.uk/home.nsf/pages/lbb-2?opendocument&pid=200075,14/09/2010 11:59:49
200076,L2,,"Nurseries, childcare and play","Pre-schools","Directgov - Childcare",http://www.direct.gov.uk/en/Parents/Childcare/index.htm,http://id.esd.org.uk/serviceGroup/200076,http://www.brent.gov.uk/home.nsf/pages/lbb-2?opendocument&pid=200076,14/09/2010 12:00:09
200077,L2,,"Private housing","Private housing","Directgov - Private renting",http://www.direct.gov.uk/en/HomeAndCommunity/BuyingAndSellingYourHome/RentingAHome/index.htm,http://id.esd.org.uk/serviceGroup/200077,http://www.brent.gov.uk/home.nsf/pages/lbb-2?opendocument&pid=200077,14/09/2010 11:59:50
200082,L2,,"Road safety","Road safety","Directgov - Road safety",http://www.direct.gov.uk/en/Parents/Yourchildshealthandsafety/Roadandtravelsafety/index.htm,http://id.esd.org.uk/serviceGroup/200082,http://www.brent.gov.uk/home.nsf/pages/lbb-2?opendocument&pid=200082,14/09/2010 11:59:39
200083,L2,,"Roads, highways and pavements","Roads, highways and pavements","Directgov - Roads and streets",http://www.direct.gov.uk/en/HomeAndCommunity/WhereYouLive/RoadsAndStreets/index.htm,http://id.esd.org.uk/serviceGroup/200083,http://www.brent.gov.uk/home.nsf/pages/lbb-2?opendocument&pid=200083,14/09/2010 11:59:39
200084,L2,,"Recycling and waste","Recycling, rubbish and waste","Household Waste Strategy",/stratp.nsf/Pages/LBB-152,http://id.esd.org.uk/serviceGroup/200084,http://www.brent.gov.uk/home.nsf/pages/lbb-2?opendocument&pid=200084,18/05/2011 14:21:57
200084,L2,,"Recycling and waste","Recycling, rubbish and waste","Directgov - Recycling",http://www.direct.gov.uk/en/Environmentandgreenerliving/Wasteandrecycling/DG_064365,http://id.esd.org.uk/serviceGroup/200084,http://www.brent.gov.uk/home.nsf/pages/lbb-2?opendocument&pid=200084,14/09/2010 11:59:51
200086,L2,,"Schools and colleges","Schools and colleges","Brent Traded Services for schools 2012-13",http://www.brent.gov.uk/home.nsf/Files/LBBA-239/$FILE/Brent%20Traded%20Services%20brochure%202012-13.pdf,http://id.esd.org.uk/serviceGroup/200086,http://www.brent.gov.uk/home.nsf/pages/lbb-2?opendocument&pid=200086,27/01/2012 14:26:55
200086,L2,,"Schools and colleges","Schools and colleges","Directgov - Higher education",http://www.direct.gov.uk/en/EducationAndLearning/UniversityAndHigherEducation/index.htm,http://id.esd.org.uk/serviceGroup/200086,http://www.brent.gov.uk/home.nsf/pages/lbb-2?opendocument&pid=200086,26/10/2010 19:02:35
200086,L2,,"Schools and colleges","Schools and colleges","Directgov - Schools",http://www.direct.gov.uk/en/Parents/Schoolslearninganddevelopment/index.htm,http://id.esd.org.uk/serviceGroup/200086,http://www.brent.gov.uk/home.nsf/pages/lbb-2?opendocument&pid=200086,14/09/2010 11:59:33
200089,L2,,"Street care and cleaning","Street care and cleaning","Directgov - Street cleaning",http://www.direct.gov.uk/en/HomeAndCommunity/WhereYouLive/Streetcleaninglitterandillegaldumping/index.htm,http://id.esd.org.uk/serviceGroup/200089,http://www.brent.gov.uk/home.nsf/pages/lbb-2?opendocument&pid=200089,14/09/2010 11:59:38
200091,L2,,"Services for older people","Services for older people","NHS - older people",http://www.nhs.uk/nhsengland/nsf/pages/olderpeople.aspx,http://id.esd.org.uk/serviceGroup/200091,http://www.brent.gov.uk/home.nsf/pages/lbb-2?opendocument&pid=200091,14/09/2010 11:59:35
200092,L2,,"Support groups","Support groups","Directgov - Support groups",http://www.direct.gov.uk/en/HomeAndCommunity/InYourHome/SupportAtHome/DG_10026190,http://id.esd.org.uk/serviceGroup/200092,http://www.brent.gov.uk/home.nsf/pages/lbb-2?opendocument&pid=200092,14/09/2010 11:59:47
200092,L2,,"Support groups","Support groups","NHS - Carers",http://www.nhs.uk/carersdirect/Pages/CarersDirectHome.aspx,http://id.esd.org.uk/serviceGroup/200092,http://www.brent.gov.uk/home.nsf/pages/lbb-2?opendocument&pid=200092,25/10/2010 18:56:30
200093,L2,,"Supported and sheltered housing","Supported and sheltered housing","Directgov - Housing options",http://www.direct.gov.uk/en/DisabledPeople/HomeAndHousingOptions/index.htm,http://id.esd.org.uk/serviceGroup/200093,http://www.brent.gov.uk/home.nsf/pages/lbb-2?opendocument&pid=200093,14/09/2010 11:59:51
200094,L2,,"Taxis and minicabs","Taxis and minicabs","Directgov - Taxis",http://www.direct.gov.uk/en/TravelAndTransport/Publictransport/TaxisAndPrivateHireVehicles/DG_10036418,http://id.esd.org.uk/serviceGroup/200094,http://www.brent.gov.uk/home.nsf/pages/lbb-2?opendocument&pid=200094,14/09/2010 11:59:41
200094,L2,,"Taxis and minicabs","Taxis and minicabs","Directgov - Town centre safety",http://www.direct.gov.uk/en/HomeAndCommunity/WhereYouLive/SaferStreets/DG_10030002,http://id.esd.org.uk/serviceGroup/200094,http://www.brent.gov.uk/home.nsf/pages/lbb-2?opendocument&pid=200094,14/09/2010 11:59:42
200096,L2,,"Tourism and travel","Tourism and travel","Directgov - Travel",http://www.direct.gov.uk/en/TravelAndTransport/index.htm,http://id.esd.org.uk/serviceGroup/200096,http://www.brent.gov.uk/home.nsf/pages/lbb-2?opendocument&pid=200096,14/09/2010 11:59:46
200097,L2,,"Town centre management","Town centre management","Directgov - Town centre safety",http://www.direct.gov.uk/en/HomeAndCommunity/WhereYouLive/SaferStreets/DG_10030002,http://id.esd.org.uk/serviceGroup/200097,http://www.brent.gov.uk/home.nsf/pages/lbb-2?opendocument&pid=200097,14/09/2010 12:00:00
200099,L2,,"Training and development","Training and development","Directgov - Training",http://www.direct.gov.uk/en/EducationAndLearning/AdultLearning/TrainingAndWorkplaceLearning/index.htm,http://id.esd.org.uk/serviceGroup/200099,http://www.brent.gov.uk/home.nsf/pages/lbb-2?opendocument&pid=200099,14/09/2010 11:59:44
200101,L2,,"Voluntary information and advice","Voluntary organisations"," Voluntary Sector Conference reports",http://www.brent.gov.uk/voluntary.nsf/Pages/LBB-21,http://id.esd.org.uk/serviceGroup/200101,http://www.brent.gov.uk/home.nsf/pages/lbb-2?opendocument&pid=200101,15/08/2011 10:24:46
200102,L2,,"Walking","Walking","Directgov - walking",http://www.direct.gov.uk/en/TravelAndTransport/CyclingAndWalking/DG_10036318,http://id.esd.org.uk/serviceGroup/200102,http://www.brent.gov.uk/home.nsf/pages/lbb-2?opendocument&pid=200102,14/09/2010 11:59:42
200103,L2,,"Youth offending","Youth offending","Directgov - youth crime",http://www.direct.gov.uk/en/CrimeJusticeAndTheLaw/CrimePrevention/DG_181676,http://id.esd.org.uk/serviceGroup/200103,http://www.brent.gov.uk/home.nsf/pages/lbb-2?opendocument&pid=200103,14/09/2010 11:59:37
200104,L2,,"Youth support","Youth support","Directgov - young people",http://www.direct.gov.uk/en/YoungPeople/index.htm,http://id.esd.org.uk/serviceGroup/200104,http://www.brent.gov.uk/home.nsf/pages/lbb-2?opendocument&pid=200104,14/09/2010 11:59:37
200105,L2,,"Sustainability","Sustainability","Directgov - Climate change",http://www.direct.gov.uk/en/Environmentandgreenerliving/Thewiderenvironment/index.htm,http://id.esd.org.uk/serviceGroup/200105,http://www.brent.gov.uk/home.nsf/pages/lbb-2?opendocument&pid=200105,14/09/2010 11:59:55
200118,L2,,"Housing benefit","Housing benefit","Directgov - Housing Benefit",http://www.direct.gov.uk/en/MoneyTaxAndBenefits/BenefitsTaxCreditsAndOtherSupport/On_a_low_income/DG_10018926,http://id.esd.org.uk/serviceGroup/200118,http://www.brent.gov.uk/home.nsf/pages/lbb-2?opendocument&pid=200118,14/09/2010 11:59:38
200123,L2,,"Cycling","Cycling","Directgov - Cycling",http://www.direct.gov.uk/en/TravelAndTransport/CyclingAndWalking/DG_4018700,http://id.esd.org.uk/serviceGroup/200123,http://www.brent.gov.uk/home.nsf/pages/lbb-2?opendocument&pid=200123,14/09/2010 11:59:39

